FID	IID	BinaryPheno1	ContPheno1	binaryCov1	binaryCov2	contCov1	contCov2	snp127583	snp127743	snp127795	snp127796	snp127797	snp127798	snp127842	snp127844	snp127944	snp127976	no_of_mutations
0	per0	0	88	0	1	63	56	0	0	0	0	0	0	0	0	0	0	0
0	per1	0	69	0	1	10	98	0	0	0	0	0	0	0	0	0	0	0
0	per2	1	42	1	1	96	78	0	0	0	0	0	0	0	0	0	0	0
0	per3	1	3	0	1	17	85	0	0	0	0	0	0	0	0	0	0	0
0	per4	1	71	0	1	54	34	0	0	0	0	0	0	0	0	0	0	0
0	per5	1	73	1	0	2	82	0	0	0	0	0	0	0	0	0	0	0
0	per6	0	79	1	0	83	1	0	0	0	0	0	0	0	0	0	0	0
0	per7	1	51	1	1	87	87	0	0	0	0	0	0	0	0	0	0	0
0	per8	0	32	0	0	7	33	0	0	0	0	0	0	0	0	0	0	0
0	per9	1	97	1	0	84	78	0	0	0	0	0	0	1	0	0	0	1
0	per10	0	14	1	1	41	88	0	0	0	0	0	0	0	0	0	0	0
0	per11	0	97	0	1	94	23	0	0	0	0	0	0	0	0	0	0	0
0	per12	1	19	1	1	59	67	0	0	0	0	0	0	0	0	0	0	0
0	per13	0	79	0	0	88	42	0	1	0	0	0	0	0	0	0	0	1
0	per14	0	92	0	0	63	99	0	0	0	0	0	0	0	0	0	0	0
0	per15	0	32	0	0	75	17	0	0	0	0	0	0	0	0	0	0	0
0	per16	1	8	0	1	74	78	0	0	0	0	0	0	0	0	0	0	0
0	per17	0	36	1	0	28	1	0	0	0	0	0	0	0	0	0	0	0
0	per18	1	61	1	1	49	54	0	0	0	0	0	0	0	0	0	0	0
0	per19	0	92	0	1	71	32	0	0	0	0	0	0	0	0	0	1	1
0	per20	0	85	1	0	12	79	0	0	0	0	0	0	0	0	0	0	0
0	per21	1	10	1	1	96	25	0	0	0	0	0	0	0	0	0	0	0
0	per22	0	4	0	1	33	85	0	0	0	0	0	0	0	0	0	0	0
0	per23	0	12	1	1	15	98	0	0	0	0	0	0	0	0	0	0	0
0	per24	1	50	1	0	63	22	0	0	0	0	0	0	0	0	0	0	0
0	per25	0	63	1	1	93	14	0	0	0	0	0	0	0	0	0	0	0
0	per26	1	84	1	1	1	88	0	0	0	0	0	0	0	0	0	0	0
0	per27	0	86	1	0	8	58	0	0	0	0	0	0	0	0	0	0	0
0	per28	1	77	0	1	29	39	0	0	0	0	0	0	0	0	0	0	0
0	per29	0	4	0	0	39	93	0	0	0	0	0	0	0	0	0	0	0
0	per30	1	28	0	0	60	43	0	0	0	0	0	0	0	0	0	0	0
0	per31	0	79	0	1	75	10	0	0	0	0	0	0	0	0	0	0	0
0	per32	1	71	0	0	78	30	0	0	0	0	0	0	0	0	0	0	0
0	per33	1	20	1	0	14	42	0	0	0	0	0	0	0	0	0	0	0
0	per34	0	17	0	0	55	29	0	0	0	0	0	0	0	0	0	0	0
0	per35	1	22	0	0	54	100	0	0	0	0	0	0	0	0	0	0	0
0	per36	0	5	1	0	83	46	0	0	0	0	0	0	0	0	0	0	0
0	per37	1	81	1	1	33	62	0	0	0	0	0	0	0	0	0	0	0
0	per38	1	80	0	0	88	10	0	0	0	0	0	0	0	0	0	0	0
0	per39	1	44	1	0	96	60	0	0	0	0	0	0	0	0	0	0	0
0	per40	1	2	1	0	21	46	0	0	0	0	0	0	0	0	0	0	0
0	per41	0	58	1	1	39	76	0	0	0	0	0	0	0	0	0	0	0
0	per42	1	8	1	1	34	49	0	0	0	0	0	0	0	0	0	0	0
0	per43	0	80	1	1	96	1	0	0	0	0	0	0	0	0	0	0	0
0	per44	1	100	1	1	77	81	0	0	0	0	0	0	0	0	0	0	0
0	per45	0	29	1	1	85	33	0	0	0	0	0	0	0	0	0	0	0
0	per46	0	42	0	1	10	19	0	0	0	0	0	0	0	0	0	0	0
0	per47	0	3	0	0	27	68	0	0	0	0	0	0	0	0	0	0	0
0	per48	0	3	0	0	29	9	0	0	0	0	0	0	0	0	0	0	0
0	per49	1	67	0	0	89	48	0	0	0	0	0	0	0	0	0	0	0
0	per50	0	95	1	1	35	48	0	0	0	0	0	0	0	0	0	0	0
0	per51	1	56	0	0	79	71	0	0	0	0	0	0	0	0	0	0	0
0	per52	1	71	1	1	6	44	0	0	0	0	0	0	0	0	0	0	0
0	per53	0	10	0	0	42	26	0	0	0	0	0	0	0	0	0	0	0
0	per54	1	13	0	0	5	18	0	0	0	0	0	0	0	0	0	0	0
0	per55	0	86	0	0	91	40	0	0	0	0	0	0	0	0	0	0	0
0	per56	0	28	1	1	34	76	0	0	0	0	0	0	0	0	0	0	0
0	per57	1	45	1	0	27	47	0	1	0	0	0	0	0	0	0	0	1
0	per58	0	5	0	1	51	20	0	0	0	0	0	0	0	0	0	0	0
0	per59	1	1	0	0	75	79	0	1	0	0	0	0	0	0	0	0	1
0	per60	0	35	0	0	27	31	0	0	0	0	0	0	0	0	0	0	0
0	per61	1	89	0	0	23	94	0	0	0	0	0	0	0	0	0	0	0
0	per62	0	28	1	1	31	3	0	0	0	0	0	0	0	0	0	0	0
0	per63	0	1	1	0	34	13	0	0	0	0	0	0	0	0	0	0	0
0	per64	0	15	0	1	82	1	0	0	0	0	0	0	0	0	0	0	0
0	per65	0	22	0	1	66	63	0	0	0	0	0	0	0	0	0	0	0
0	per66	0	22	1	1	80	82	0	0	0	0	0	0	0	0	0	0	0
0	per67	0	20	1	0	43	66	0	0	0	0	0	0	0	0	0	0	0
0	per68	1	12	0	1	53	94	0	0	0	0	0	0	0	0	1	0	1
0	per69	0	44	0	0	23	92	0	0	0	0	0	0	0	0	0	0	0
0	per70	1	57	1	1	42	18	0	0	0	0	0	0	0	0	0	0	0
0	per71	1	26	1	0	97	95	0	0	0	0	0	0	0	0	1	0	1
0	per72	0	94	0	0	65	72	0	0	0	0	0	0	0	0	0	0	0
0	per73	1	78	0	0	35	65	0	0	0	0	0	0	0	0	0	0	0
0	per74	1	33	1	0	7	86	0	0	0	0	0	0	0	0	0	0	0
0	per75	0	10	0	1	83	63	0	0	0	0	0	0	0	0	0	0	0
0	per76	0	100	1	1	44	69	0	0	0	0	0	0	0	0	0	0	0
0	per77	0	69	1	1	42	2	0	0	0	0	0	0	0	0	0	0	0
0	per78	1	90	0	0	36	26	0	0	0	0	0	0	0	0	0	0	0
0	per79	1	17	1	0	26	79	0	0	0	0	0	0	0	0	0	0	0
0	per80	1	5	0	1	48	40	0	0	0	0	0	0	1	0	0	0	1
0	per81	0	36	1	0	42	69	0	0	0	0	0	0	0	0	0	0	0
0	per82	0	2	0	1	84	43	0	0	0	0	0	0	0	0	0	0	0
0	per83	0	47	0	0	63	57	0	0	0	0	0	0	0	0	0	0	0
0	per84	1	83	0	1	18	5	0	0	0	0	0	0	0	0	0	0	0
0	per85	1	90	1	1	36	55	0	0	0	0	0	0	0	0	0	0	0
0	per86	0	64	0	1	74	24	0	0	0	0	0	0	0	0	0	0	0
0	per87	1	84	1	1	34	86	0	0	0	0	0	0	0	0	0	0	0
0	per88	1	50	1	0	22	70	0	0	0	0	0	0	0	0	0	0	0
0	per89	1	9	0	1	16	38	0	0	0	0	0	0	0	0	0	0	0
0	per90	1	10	1	1	37	28	0	0	0	0	0	0	0	0	0	0	0
0	per91	1	87	1	0	24	27	0	0	0	0	0	0	0	0	0	0	0
0	per92	1	45	1	1	88	100	0	0	0	0	0	0	0	0	0	0	0
0	per93	0	62	1	0	38	14	0	0	0	0	0	0	0	0	0	0	0
0	per94	1	87	0	0	68	35	0	0	0	0	0	0	0	0	0	0	0
0	per95	0	16	0	0	26	31	0	0	0	0	0	0	0	1	0	0	1
0	per96	0	90	1	1	62	38	0	0	0	0	0	0	0	0	0	0	0
0	per97	0	49	1	1	16	56	0	0	0	0	0	0	0	0	0	0	0
0	per98	0	40	0	0	86	11	0	0	0	0	0	0	0	0	0	0	0
0	per99	1	82	0	1	54	35	0	0	0	0	0	0	0	0	0	0	0
0	per100	0	19	1	1	21	65	0	0	0	0	0	0	0	0	0	0	0
0	per101	0	24	1	1	81	94	0	0	0	0	0	0	0	0	0	0	0
0	per102	0	79	1	1	85	16	0	0	0	0	0	0	0	0	0	0	0
0	per103	0	98	0	0	87	7	0	0	0	0	0	0	0	0	0	0	0
0	per104	1	27	0	0	11	84	0	0	0	0	0	0	0	0	0	0	0
0	per105	1	70	0	0	92	11	0	0	0	0	0	0	0	0	0	0	0
0	per106	1	17	0	1	46	45	0	0	0	0	0	0	0	0	0	0	0
0	per107	1	54	1	1	92	85	0	0	0	0	0	0	0	0	0	0	0
0	per108	0	92	1	1	94	25	0	0	0	0	0	0	0	0	0	0	0
0	per109	1	85	1	0	46	95	0	0	0	0	0	0	0	0	0	0	0
0	per110	1	85	0	1	8	99	0	0	0	0	0	0	0	0	0	0	0
0	per111	0	26	1	1	16	39	0	0	0	0	0	0	0	0	0	0	0
0	per112	1	99	0	1	43	89	0	0	0	0	0	0	0	0	0	0	0
0	per113	0	71	1	0	25	79	0	0	0	0	0	0	0	0	0	0	0
0	per114	1	94	0	1	55	20	0	0	0	0	0	0	0	0	0	0	0
0	per115	0	89	1	0	15	66	0	0	0	0	0	0	0	0	0	0	0
0	per116	1	62	0	1	89	91	0	0	0	0	0	0	0	0	0	0	0
0	per117	0	6	0	1	39	4	0	1	0	0	0	0	0	0	0	0	1
0	per118	1	49	0	1	76	51	0	0	0	0	0	0	0	0	0	0	0
0	per119	1	58	0	1	16	56	0	0	0	0	0	0	0	0	0	0	0
0	per120	1	6	1	0	56	22	0	0	0	0	0	0	0	0	0	0	0
0	per121	1	44	1	0	82	48	0	0	0	0	0	0	0	0	0	0	0
0	per122	1	91	0	1	59	27	0	0	0	0	0	0	0	0	0	0	0
0	per123	0	39	0	1	63	77	0	0	0	0	0	0	0	0	0	0	0
0	per124	1	96	1	0	75	89	0	0	0	0	0	0	0	0	0	0	0
0	per125	0	97	0	0	36	79	0	0	0	0	0	0	0	0	0	0	0
0	per126	0	42	0	0	78	78	0	0	0	0	0	0	0	0	0	0	0
0	per127	1	84	1	1	20	99	0	0	0	0	0	0	0	0	0	0	0
0	per128	1	39	0	1	68	62	0	0	0	0	0	0	0	0	0	0	0
0	per129	1	67	0	0	55	80	0	0	0	0	0	0	0	0	0	0	0
0	per130	0	28	0	1	92	91	0	0	0	0	0	0	0	0	0	0	0
0	per131	0	74	0	1	65	99	0	0	0	0	0	0	0	0	0	0	0
0	per132	0	37	1	1	28	93	0	0	0	0	0	0	0	0	0	0	0
0	per133	1	19	1	1	49	23	0	0	0	0	0	0	0	0	0	0	0
0	per134	0	64	0	0	72	20	0	0	0	0	0	0	0	0	0	0	0
0	per135	1	44	0	1	44	17	0	0	0	0	0	0	0	0	0	0	0
0	per136	0	37	0	1	44	65	0	0	0	0	0	0	0	0	0	0	0
0	per137	0	26	0	1	20	57	0	0	0	0	0	0	0	0	0	0	0
0	per138	0	31	1	0	11	88	0	0	0	0	0	0	0	0	0	0	0
0	per139	0	35	0	0	81	54	0	0	0	0	0	0	0	0	0	0	0
0	per140	1	83	1	0	69	21	0	0	0	0	0	0	0	0	0	0	0
0	per141	0	51	0	1	15	99	0	0	0	0	0	0	0	0	0	0	0
0	per142	0	51	1	0	90	15	0	0	0	0	0	0	0	0	0	0	0
0	per143	1	24	1	1	100	39	0	0	0	0	0	0	0	0	0	0	0
0	per144	0	64	1	1	73	81	0	0	0	0	0	0	0	0	0	0	0
0	per145	1	25	1	0	57	44	0	0	0	0	0	0	0	0	0	0	0
0	per146	1	65	1	0	16	26	0	0	0	0	0	0	0	0	0	0	0
0	per147	0	94	0	0	73	13	0	0	0	0	0	0	0	0	0	0	0
0	per148	1	96	0	0	74	81	0	0	0	0	0	0	0	0	0	0	0
0	per149	0	31	0	1	13	17	0	0	0	0	0	0	0	0	0	0	0
0	per150	1	28	0	0	82	36	0	0	0	0	0	0	0	1	0	0	1
0	per151	0	68	0	0	64	56	0	0	0	0	0	0	0	0	0	0	0
0	per152	1	27	0	0	74	41	0	0	0	0	1	1	0	0	0	0	2
0	per153	0	51	1	1	43	23	0	0	0	0	0	0	0	0	0	0	0
0	per154	1	1	1	0	71	94	0	0	0	0	0	0	0	0	0	0	0
0	per155	1	66	0	1	73	50	0	0	0	0	0	0	0	0	0	0	0
0	per156	0	22	1	1	94	11	0	0	0	0	0	0	0	0	0	0	0
0	per157	1	58	1	1	63	22	0	0	0	0	0	0	0	0	0	0	0
0	per158	0	31	1	1	95	53	0	0	0	0	0	0	0	0	0	0	0
0	per159	1	69	0	0	52	76	0	0	0	0	0	0	0	0	0	0	0
0	per160	0	94	1	0	45	42	0	0	0	0	0	0	0	0	0	0	0
0	per161	1	79	1	1	71	4	0	0	0	0	0	0	0	0	0	0	0
0	per162	1	27	1	1	51	82	0	0	0	0	0	0	0	0	0	0	0
0	per163	1	40	0	1	33	69	0	0	0	0	0	0	0	0	0	0	0
0	per164	0	23	1	1	16	64	0	0	0	0	0	0	0	0	0	0	0
0	per165	1	32	1	1	65	47	0	0	0	0	0	0	0	0	0	0	0
0	per166	1	48	1	1	28	40	0	0	0	0	0	0	0	0	1	0	1
0	per167	0	23	0	0	31	97	0	0	0	0	0	0	0	0	0	0	0
0	per168	0	39	1	0	5	8	0	0	0	0	0	0	0	0	0	0	0
0	per169	0	16	1	1	80	46	0	0	0	0	0	0	0	0	0	0	0
0	per170	0	95	0	0	99	32	0	0	0	0	0	0	0	0	0	0	0
0	per171	0	26	1	0	20	43	0	0	0	0	0	0	0	0	0	0	0
0	per172	0	46	1	0	23	68	0	0	0	0	0	0	0	0	0	0	0
0	per173	0	47	0	0	84	13	0	0	0	0	0	0	0	0	0	0	0
0	per174	0	44	0	0	54	37	0	0	0	0	0	0	0	0	0	0	0
0	per175	0	25	1	1	32	89	0	0	0	0	0	0	0	0	0	0	0
0	per176	0	28	1	0	85	21	0	0	0	0	0	0	0	0	0	0	0
0	per177	1	49	1	0	71	98	0	0	0	0	0	0	0	0	0	0	0
0	per178	1	33	0	0	40	82	0	0	0	0	0	0	0	0	0	0	0
0	per179	1	71	1	0	93	65	0	0	0	0	0	0	0	0	0	0	0
0	per180	1	22	0	1	73	82	0	0	0	0	0	0	0	0	0	0	0
0	per181	0	70	1	0	45	22	0	0	0	0	0	0	0	0	0	0	0
0	per182	1	15	0	1	90	20	0	0	0	0	0	0	0	0	0	0	0
0	per183	1	48	1	0	76	43	0	0	0	0	0	0	0	0	0	0	0
0	per184	0	65	0	0	82	76	0	0	0	0	0	0	0	0	0	0	0
0	per185	1	22	1	1	9	21	0	0	0	0	0	0	0	0	0	0	0
0	per186	1	33	1	0	92	22	0	0	0	0	0	0	0	0	0	0	0
0	per187	0	44	0	1	39	32	0	0	0	0	0	0	0	0	0	0	0
0	per188	0	1	0	1	79	6	0	0	0	0	0	0	0	0	0	0	0
0	per189	0	51	1	0	36	81	0	0	0	0	0	0	0	0	0	0	0
0	per190	1	93	1	1	32	58	0	0	0	0	0	0	0	0	0	0	0
0	per191	0	29	0	1	66	3	0	0	0	0	0	0	0	0	0	0	0
0	per192	1	18	1	1	84	44	0	0	0	0	0	0	0	0	0	0	0
0	per193	0	28	0	1	20	32	0	0	0	0	0	0	0	0	0	0	0
0	per194	1	60	0	0	10	18	0	0	0	0	0	0	0	0	0	0	0
0	per195	1	76	1	1	71	28	0	0	0	0	0	0	0	0	0	0	0
0	per196	1	43	1	1	21	44	0	0	0	0	0	0	0	0	0	0	0
0	per197	1	97	1	1	31	15	0	0	0	0	0	0	0	0	0	0	0
0	per198	0	56	1	0	77	45	0	0	0	0	0	0	0	0	0	0	0
0	per199	1	95	0	0	4	91	0	0	0	0	0	0	0	0	0	0	0
0	per200	0	34	0	1	61	99	0	0	0	0	0	0	0	0	0	0	0
0	per201	1	12	1	1	17	3	0	0	0	0	0	0	0	0	0	0	0
0	per202	1	21	1	0	14	37	0	0	0	0	0	0	0	1	0	0	1
0	per203	0	13	0	1	19	31	0	0	0	0	0	0	0	0	0	0	0
0	per204	1	49	0	1	66	85	0	0	0	0	0	0	0	0	0	0	0
0	per205	1	48	1	1	97	7	0	0	0	0	0	0	0	0	0	0	0
0	per206	0	52	0	0	3	74	0	0	0	0	0	0	0	0	0	0	0
0	per207	0	80	1	0	17	94	0	0	0	0	0	0	0	0	0	0	0
0	per208	0	22	0	1	39	58	0	0	0	0	0	0	0	0	0	0	0
0	per209	1	49	0	1	28	48	0	0	0	0	0	0	0	0	0	0	0
0	per210	1	2	1	1	19	1	0	0	0	0	0	0	0	0	1	0	1
0	per211	0	79	1	1	43	98	0	0	0	0	0	0	0	0	0	0	0
0	per212	0	9	0	0	50	42	0	0	0	0	0	0	0	0	0	0	0
0	per213	1	39	1	0	48	34	0	0	0	0	0	0	0	0	0	0	0
0	per214	1	100	0	1	55	23	0	0	0	0	0	0	0	0	1	0	1
0	per215	0	8	0	0	40	87	0	0	0	0	0	0	0	0	0	0	0
0	per216	1	16	1	1	92	40	0	0	0	0	0	0	0	0	0	0	0
0	per217	0	34	1	1	58	9	0	0	0	0	0	0	0	0	0	0	0
0	per218	1	82	1	0	68	74	0	0	0	0	0	0	0	0	0	0	0
0	per219	0	80	1	1	11	32	0	0	0	0	0	0	0	0	0	0	0
0	per220	1	4	0	1	6	99	0	0	0	0	0	0	0	0	0	0	0
0	per221	1	37	1	0	78	11	0	0	0	0	0	0	0	0	0	0	0
0	per222	0	31	0	1	39	11	0	0	0	0	0	0	0	0	0	0	0
0	per223	0	50	0	0	33	65	0	0	0	0	0	0	0	0	0	0	0
0	per224	1	50	1	0	91	77	0	0	0	0	0	0	0	1	0	0	1
0	per225	1	14	0	1	2	88	0	0	0	0	0	0	0	0	0	0	0
0	per226	0	61	0	1	26	16	0	0	0	0	0	0	0	0	0	0	0
0	per227	0	2	1	0	37	70	0	0	0	0	0	0	0	0	0	0	0
0	per228	0	59	0	0	58	42	0	0	0	0	0	0	0	0	0	0	0
0	per229	0	37	1	0	41	44	0	0	0	0	0	0	0	0	0	0	0
0	per230	0	33	0	1	71	95	0	0	0	0	0	0	0	0	0	0	0
0	per231	0	56	1	1	59	79	0	0	0	0	0	0	0	0	0	0	0
0	per232	1	54	1	1	83	3	0	0	0	0	0	0	0	0	0	0	0
0	per233	1	53	0	1	80	80	0	0	0	0	0	0	0	0	0	0	0
0	per234	1	54	1	1	17	75	0	0	0	0	0	0	0	0	0	0	0
0	per235	0	42	1	0	10	73	0	0	0	0	0	0	0	0	0	0	0
0	per236	0	33	0	0	100	68	0	0	0	0	0	0	0	0	0	0	0
0	per237	1	7	1	1	95	11	0	0	0	0	0	0	0	0	0	0	0
0	per238	1	100	1	0	71	42	0	0	0	0	0	0	0	0	0	0	0
0	per239	0	46	1	0	82	69	0	0	0	0	0	0	0	0	0	0	0
0	per240	0	86	1	1	21	25	0	0	0	0	0	0	0	0	0	0	0
0	per241	1	27	1	0	22	51	0	0	0	0	0	0	0	0	0	0	0
0	per242	1	69	0	0	22	66	0	0	0	0	0	0	0	0	0	0	0
0	per243	1	56	1	0	20	78	0	0	0	0	0	0	0	0	0	0	0
0	per244	1	89	0	0	94	93	0	0	0	0	0	0	0	0	0	0	0
0	per245	1	57	1	1	16	22	0	0	0	0	0	0	0	0	0	0	0
0	per246	1	28	0	0	19	39	1	0	0	0	0	0	0	0	0	0	1
0	per247	1	98	1	1	63	62	0	0	0	0	0	0	0	0	0	0	0
0	per248	0	23	1	1	42	35	0	0	0	0	0	0	0	0	0	0	0
0	per249	0	89	0	1	59	69	0	0	0	0	0	0	0	0	0	0	0
0	per250	0	10	0	0	59	87	0	0	0	0	0	0	0	0	0	0	0
0	per251	1	69	0	1	50	12	0	0	0	0	0	0	0	1	0	0	1
0	per252	0	99	0	0	53	43	0	0	0	0	0	0	0	0	0	0	0
0	per253	1	19	1	1	79	93	0	0	0	0	0	0	0	0	0	0	0
0	per254	0	12	1	1	65	28	0	0	0	0	0	0	0	0	0	0	0
0	per255	0	36	1	0	95	98	0	0	0	0	0	0	0	0	0	0	0
0	per256	0	54	1	1	36	72	0	0	0	0	0	0	0	0	0	0	0
0	per257	1	21	1	0	15	42	0	0	0	0	0	0	0	0	0	0	0
0	per258	0	62	0	1	54	76	0	0	0	0	0	0	0	0	0	0	0
0	per259	1	51	1	1	52	76	0	0	0	0	0	0	0	0	0	0	0
0	per260	1	98	1	1	45	49	0	0	0	0	0	0	0	0	0	0	0
0	per261	1	80	0	0	31	77	0	0	0	0	0	0	0	0	0	0	0
0	per262	0	49	0	1	31	61	0	0	0	0	0	0	0	0	0	0	0
0	per263	0	23	1	1	36	52	0	0	0	0	0	0	0	0	0	0	0
0	per264	0	100	1	0	11	83	0	0	0	0	0	0	0	0	0	0	0
0	per265	1	96	1	1	66	43	0	0	0	0	0	0	0	0	0	0	0
0	per266	1	80	1	1	51	35	0	0	0	0	0	0	0	0	0	0	0
0	per267	0	60	0	1	50	7	0	0	0	0	0	0	0	0	0	0	0
0	per268	1	55	0	1	95	8	0	0	0	0	0	0	0	0	0	0	0
0	per269	1	4	1	1	11	22	0	0	0	0	0	0	0	0	0	0	0
0	per270	0	67	0	0	51	2	0	0	0	0	0	0	0	0	0	0	0
0	per271	1	51	1	0	2	91	0	0	0	0	0	0	0	0	0	0	0
0	per272	1	18	1	1	35	80	0	0	0	0	0	0	0	0	0	0	0
0	per273	0	59	1	1	50	72	0	0	0	0	0	0	0	0	0	0	0
0	per274	0	16	1	1	5	78	0	0	0	0	0	0	0	0	0	0	0
0	per275	0	11	0	1	40	37	0	0	0	0	0	0	0	0	0	0	0
0	per276	1	48	1	0	36	47	0	0	0	0	0	0	0	0	0	0	0
0	per277	1	85	1	0	12	19	0	0	0	0	0	0	0	0	0	0	0
0	per278	0	65	1	1	21	96	0	0	0	0	0	0	0	0	0	0	0
0	per279	0	50	1	0	4	5	0	0	0	0	0	0	0	0	0	0	0
0	per280	0	19	1	1	37	1	0	1	0	0	0	0	0	0	0	0	1
0	per281	1	42	0	1	62	96	0	0	0	0	0	0	0	0	0	0	0
0	per282	0	64	1	0	78	32	0	0	0	0	0	0	0	0	0	0	0
0	per283	0	4	1	1	68	78	0	0	0	0	0	0	0	0	0	0	0
0	per284	1	56	0	1	18	22	0	0	0	0	0	0	0	0	0	0	0
0	per285	0	74	1	1	16	45	0	0	0	0	0	0	0	0	0	0	0
0	per286	1	39	0	0	63	28	0	0	0	0	0	0	0	0	0	0	0
0	per287	1	38	1	1	98	30	0	0	0	0	0	0	0	0	0	0	0
0	per288	0	17	0	1	98	23	0	0	0	0	0	0	0	0	0	0	0
0	per289	1	39	0	1	77	11	0	0	0	0	0	0	0	0	0	0	0
0	per290	0	10	1	0	70	3	0	0	0	0	0	0	0	0	0	0	0
0	per291	1	18	0	0	35	3	0	0	0	0	0	0	0	0	0	0	0
0	per292	1	53	1	1	4	21	0	0	0	0	0	0	0	0	1	0	1
0	per293	0	10	1	1	75	90	0	0	0	0	0	0	0	0	0	0	0
0	per294	1	62	1	0	75	18	0	0	0	0	0	0	0	0	0	0	0
0	per295	0	51	0	1	98	76	0	0	0	0	0	0	0	0	0	0	0
0	per296	0	83	0	0	33	70	0	0	0	0	0	0	0	0	0	0	0
0	per297	0	92	0	0	26	71	0	0	0	0	0	0	0	0	0	0	0
0	per298	0	78	1	0	30	56	0	0	0	0	0	0	0	0	0	0	0
0	per299	0	93	1	0	80	44	0	0	0	0	0	0	0	0	0	0	0
