SetID	P.value	N.Marker.All	N.Marker.Test
Gene1	0.662592129488521	10	6
Gene2	0.599985143569309	10	10
Gene3	0.0721714808964866	10	8
Gene4	0.624044695967918	10	7
Gene5	0.257567460353267	10	7
Gene6	0.690953212627474	10	4
Gene7	0.481172682952971	10	10
Gene8	0.53424836979418	10	9
Gene9	0.103896707984288	10	10
Gene10	0.641235623362445	10	10
Gene11	0.277640743045896	10	10
Gene12	0.279276565959912	10	9
Gene13	0.199809125002945	10	7
Gene14	0.455639024445823	10	10
Gene15	0.476999178039899	10	5
Gene16	0.713954600281766	10	8
Gene17	0.44649183053485	10	1
Gene18	0.355119796236714	10	6
Gene19	1	10	6
Gene20	0.720142521555353	10	5
Gene21	0.121620887566299	10	10
Gene22	0.492841409526219	10	8
Gene23	0.219671520542237	10	9
Gene24	0.17119650964464	10	8
Gene25	0.351814681274586	10	9
Gene26	0.400768690468851	10	10
Gene27	0.0829750788208066	10	10
Gene28	0.392792390208021	10	8
Gene29	0.752122880748218	10	8
Gene30	0.850472021731979	10	10
Gene31	1	10	6
Gene32	0.641712430307526	10	9
Gene33	0.0853567026670705	10	9
Gene34	0.140036208667787	10	9
Gene35	0.119207231094688	10	10
Gene36	1	10	7
Gene37	0.698025070589344	10	10
Gene38	0.837702231653324	10	10
Gene39	0.495159887149096	10	3
Gene40	0.405332809784362	10	8
Gene41	0.397126900412221	10	10
Gene42	0.0283118582574005	10	6
Gene43	0.476899949464304	10	3
Gene44	0.429561210443736	10	5
Gene45	0.128477853279155	10	9
Gene46	1	10	9
Gene47	0.264996235615114	10	6
Gene48	0.820799846603483	10	5
Gene49	0.0896811630152045	10	10
Gene50	0.0999654506015488	10	10
Gene51	0.631190017269757	10	10
Gene52	0.221880515265094	10	8
Gene53	0.773542894914642	10	8
Gene54	0.399946697077794	10	9
Gene55	0.835541415700562	10	7
Gene56	0.00648278506905253	10	8
Gene57	0.855536377267115	10	5
Gene58	0.112890786279267	10	4
Gene59	0.624933108853087	10	5
Gene60	0.677301080637508	10	7
Gene61	0.424898674675468	10	9
Gene62	0.159870417672793	10	10
Gene63	0.373849621048592	10	10
Gene64	0.172752133628604	10	10
Gene65	0.605399807127416	10	9
Gene66	1	10	4
Gene67	0.862424753949798	10	7
Gene68	1	10	5
Gene69	0.506103259975604	10	9
Gene70	0.858136079723164	10	10
Gene71	0.215636367467384	10	9
Gene72	0.759777944201636	10	7
Gene73	0.363072090407379	10	9
Gene74	0.625402637044138	10	8
Gene75	0.105669293556057	10	5
Gene76	0.225291844285941	10	8
Gene77	0.769431904925683	10	9
Gene78	0.438843025912097	10	10
Gene79	0.544857322111965	10	10
Gene80	0.859462226931152	10	6
Gene81	0.656099671733909	10	7
Gene82	0.528317346204732	10	6
Gene83	0.362727457837809	10	8
Gene84	0.598045478173382	10	4
Gene85	0.896382178246935	10	10
Gene86	0.299381158260874	10	6
Gene87	0.406919714052728	10	9
Gene88	0.620028350440287	10	10
Gene89	0.361102971781787	10	9
Gene90	0.791618106526828	10	7
Gene91	1	10	10
Gene92	0.0462996734343064	10	8
Gene93	0.73593032079651	10	4
Gene94	0.144207187493303	10	7
Gene95	0.723341145309586	10	7
Gene96	0.0931093631209643	10	10
Gene97	0.15862735438789	10	7
Gene98	0.87421620822223	10	8
Gene99	0.142113486785477	10	9
Gene100	0.237695492882246	10	6
Gene101	0.373169412877245	10	8
Gene102	0.0448495847351816	10	4
Gene103	0.404927240796346	10	7
Gene104	0.164079265688816	10	6
Gene105	0.266622622496099	10	10
Gene106	0.0913170314088658	10	3
Gene107	0.430298835836822	10	8
Gene108	0.641107734447016	10	7
Gene109	0.378177920421858	10	9
Gene110	0.381630827942601	10	9
Gene111	0.375616845880268	10	6
Gene112	0.259470349025036	10	9
Gene113	0.879067351846429	10	9
Gene114	0.279413012437921	10	6
Gene115	1	10	7
Gene116	0.487131930071801	10	8
Gene117	0.737366995080093	10	8
Gene118	0.761914095404778	10	10
Gene119	0.410298827461624	10	9
Gene120	0.541438449009667	10	8
Gene121	0.143923839650011	10	8
Gene122	0.779439068706979	10	7
Gene123	0.255408129918097	10	5
Gene124	0.0617064183166011	10	9
Gene125	0.883612459514818	10	10
Gene126	1	10	6
Gene127	0.718825243145592	10	9
Gene128	0.20658628076862	10	8
Gene129	0.513266446561976	10	10
Gene130	0.833934647122757	10	6
Gene131	0.227378161839012	10	9
Gene132	0.110285181765895	10	7
Gene133	0.614791506666062	10	10
Gene134	0.168939830579698	10	9
Gene135	0.370274278238337	10	8
Gene136	0.122437129437017	10	10
Gene137	0.258976678056626	10	9
Gene138	1	10	10
Gene139	0.59947620393547	10	6
Gene140	0.624335311640004	10	9
Gene141	0.0277331382378611	10	9
Gene142	0.817596884448828	10	10
Gene143	0.310916343399817	10	9
Gene144	0.616722116694173	10	6
Gene145	0.252649545345113	10	4
Gene146	0.722546141299377	10	7
Gene147	0.828550519564595	10	10
Gene148	0.33958989798299	10	8
Gene149	0.134544280078131	10	9
Gene150	0.0321539192693524	10	10
Gene151	0.324741228109792	10	9
Gene152	0.353764479125587	10	10
Gene153	1	10	10
Gene154	0.596507989830981	10	8
Gene155	0.796879598243041	10	9
Gene156	0.252349519985192	10	6
Gene157	0.808573242296922	10	2
Gene158	0.75824058834075	10	8
Gene159	0.307922980469078	10	8
Gene160	1	10	10
Gene161	0.364866760123441	10	6
Gene162	0.283451518663164	10	9
Gene163	0.737876699485536	10	7
Gene164	0.326772145827233	10	7
Gene165	0.0285930062546119	10	9
Gene166	0.658381939441677	10	6
Gene167	0.883400843206199	10	10
Gene168	0.365006915460805	10	8
Gene169	0.076964613934477	10	2
Gene170	0.383277825353086	10	9
Gene171	0.0385952468499811	10	8
Gene172	0.737091186248728	10	8
Gene173	0.680780779886318	10	3
Gene174	0.88572089525764	10	6
Gene175	0.54853603068723	10	8
Gene176	0.885502778495606	10	10
Gene177	0.0177235368565798	10	10
Gene178	0.354053538499864	10	8
Gene179	0.561545558765939	10	10
Gene180	0.213677599601742	10	5
Gene181	0.7526910239891	10	10
Gene182	0.724266431135745	10	9
Gene183	0.573403022089986	10	10
Gene184	0.0866179876599266	10	8
Gene185	0.565955923300864	10	10
Gene186	0.612298407010882	10	10
Gene187	0.163489109619036	10	6
Gene188	0.91743494286556	10	7
Gene189	1	10	10
Gene190	0.0994945647570522	10	8
Gene191	0.553806012596862	10	4
Gene192	0.741154566839074	10	4
Gene193	0.657550516978106	10	8
Gene194	1	10	9
Gene195	0.272283599557883	10	8
Gene196	0.875489115302125	10	6
Gene197	0.623392644302648	10	9
Gene198	0.334364918305899	10	10
Gene199	0.15624477393941	10	9
Gene200	0.0615336564751799	10	9
Gene201	0.0892518330234465	10	10
Gene202	0.481989642335104	10	9
Gene203	0.358714052088243	10	9
Gene204	0.615332127115819	10	10
Gene205	0.255169245021572	10	9
Gene206	0.508363705554807	10	9
Gene207	0.14608803431109	10	8
Gene208	0.521158124022842	10	10
Gene209	0.427905326864755	10	7
Gene210	0.047162128401354	10	5
Gene211	0.315530071860983	10	9
Gene212	0.0844476511622814	10	5
Gene213	1	10	8
Gene214	0.0830054674571162	10	5
Gene215	0.745820737564668	10	10
Gene216	0.20725214678613	10	9
Gene217	1	10	7
Gene218	0.449060565380107	10	3
Gene219	0.75769333473688	10	9
Gene220	1	10	7
Gene221	0.836092773004396	10	10
Gene222	1	10	4
Gene223	0.300503278167625	10	9
Gene224	0.238694902713998	10	7
Gene225	0.58290195942281	10	6
Gene226	0.569021271587376	10	8
Gene227	0.639320685988777	10	8
Gene228	0.36250064697948	10	10
Gene229	1	10	2
Gene230	1	10	10
Gene231	1	10	6
Gene232	0.281389694880678	10	6
Gene233	0.543381884381016	10	9
Gene234	0.420264727185997	10	9
Gene235	0.40114195421889	10	5
Gene236	1	10	6
Gene237	0.841767203339285	10	4
Gene238	1	10	10
Gene239	0.458691432593882	10	9
Gene240	0.24513435509077	10	5
Gene241	0.839103625585037	10	8
Gene242	0.833848965535032	10	10
Gene243	0.548696460352987	10	10
Gene244	0.488817780963624	10	8
Gene245	0.485129584763144	10	9
Gene246	0.0716964458805613	10	9
Gene247	0.140502855167994	10	9
Gene248	0.310403779146374	10	10
Gene249	0.0728920754522874	10	7
Gene250	1	10	9
Gene251	0.17451288688866	10	8
Gene252	0.420081993391576	10	9
Gene253	0.708879698726464	10	9
Gene254	0.246254371675951	10	10
Gene255	0.182959825155115	10	10
Gene256	0.0915995678036634	10	8
Gene257	0.314121213717744	10	10
Gene258	0.625460119627514	10	10
Gene259	0.70788737819543	10	7
Gene260	0.85161583460588	10	7
Gene261	0.0298310625249368	10	9
Gene262	0.812727299997075	10	7
Gene263	0.420593875605225	10	10
Gene264	0.676180554765726	10	9
Gene265	0.388323653174044	10	9
Gene266	1	10	7
Gene267	0.867440476451163	10	9
Gene268	0.890185720834855	10	9
Gene269	0.241504667122766	10	9
Gene270	0.248616861175136	10	7
Gene271	0.0296389178280263	10	10
Gene272	0.388980252458173	10	8
Gene273	0.571896099887438	10	10
Gene274	0.800463130607329	10	6
Gene275	0.575468584232486	10	3
Gene276	0.860278200045266	10	7
Gene277	0.340885342859137	10	10
Gene278	0.637052966282444	10	8
Gene279	0.671364035216419	10	9
Gene280	0.47317569816866	10	5
Gene281	0.584518549159823	10	10
Gene282	0.0283949153597503	10	7
Gene283	0.107433103906984	10	10
Gene284	0.59203496702964	10	7
Gene285	0.350081409691947	10	10
Gene286	0.0174717357503464	10	7
Gene287	0.602671619844235	10	7
Gene288	0.289989016145118	10	10
Gene289	1	10	10
Gene290	0.198839005180085	10	5
Gene291	0.561740676702368	10	6
Gene292	0.132159144554926	10	2
Gene293	0.0254149882337062	10	10
Gene294	0.753601860051757	10	9
Gene295	0.270350441067063	10	10
Gene296	0.543047418440243	10	10
Gene297	0.752168996747883	10	4
Gene298	0.603996910985937	10	8
Gene299	0.447545956280981	10	7
Gene300	0.422029632930596	10	7
Gene301	0.312805778776172	10	4
Gene302	1	10	10
Gene303	0.656503438116057	10	6
Gene304	0.873750658914809	10	6
Gene305	1	10	3
Gene306	0.229784649809297	10	10
Gene307	0.0789555346397904	10	8
Gene308	0.266183203153749	10	6
Gene309	0.46423573542302	10	6
Gene310	0.183305862104851	10	9
Gene311	0.0325777601267672	10	10
Gene312	0.702200232193626	10	9
Gene313	0.739021778974364	10	8
Gene314	0.767897887694827	10	10
Gene315	0.290046209604978	10	8
Gene316	0.329277782900677	10	10
Gene317	0.800844558287991	10	5
Gene318	0.417800972273458	10	5
Gene319	1	10	10
Gene320	1	10	10
Gene321	0.446033320473472	10	10
Gene322	1	10	8
Gene323	0.0821847071604668	10	7
Gene324	0.798103923753604	10	7
Gene325	0.0702218735795309	10	9
Gene326	0.518760645100799	10	9
Gene327	0.684059582708527	10	6
Gene328	0.775251485538133	10	5
Gene329	0.0802171030628416	10	9
Gene330	0.270748243038616	10	7
Gene331	0.733117217042737	10	7
Gene332	0.653712991561622	10	7
Gene333	0.644228816513552	10	10
Gene334	0.664962563144786	10	10
Gene335	0.79521908492657	10	6
Gene336	0.192891681389914	10	6
Gene337	0.40962185347237	10	8
Gene338	0.463399337479177	10	8
Gene339	0.241696369583608	10	6
Gene340	0.245880068708154	10	7
Gene341	0.746668776819172	10	4
Gene342	0.583499962996907	10	9
Gene343	1	10	6
Gene344	0.400053192734924	10	10
Gene345	0.326626213439379	10	5
Gene346	0.795441091890408	10	10
Gene347	0.517846990763227	10	9
Gene348	0.762396076750433	10	7
Gene349	0.010039288411843	10	8
Gene350	1	10	8
Gene351	0.283907977652077	10	6
Gene352	0.912216801456308	10	10
Gene353	0.185090642225018	10	10
Gene354	0.278978602682172	10	7
Gene355	0.215452712894332	10	5
Gene356	0.49955277264241	10	7
Gene357	0.387505470066626	10	9
Gene358	0.846912074974478	10	6
Gene359	0.655547339856443	10	9
Gene360	0.472254781298793	10	9
Gene361	0.802751486699719	10	10
Gene362	0.469545593042494	10	5
Gene363	0.635124955968706	10	10
Gene364	0.462705000419241	10	7
Gene365	0.717354647025909	10	10
Gene366	0.192432173023101	10	9
Gene367	0.863887778686908	10	8
Gene368	0.126057834078242	10	9
Gene369	0.174455551529781	10	9
Gene370	0.14929655891822	10	7
Gene371	0.339251934987555	10	9
Gene372	0.676644112100175	10	9
Gene373	0.330223314827671	10	8
Gene374	0.257210412217019	10	10
Gene375	0.590725364445635	10	9
Gene376	0.448535691617552	10	8
Gene377	0.311555900044729	10	4
Gene378	0.782452065717467	10	8
Gene379	0.825891308889716	10	9
Gene380	0.140434161446465	10	8
Gene381	0.482419660435954	10	9
Gene382	1	10	8
Gene383	0.248193375064485	10	10
Gene384	0.679363024490633	10	6
Gene385	0.0732871413853049	10	9
Gene386	0.885218020522671	10	9
Gene387	0.517177235055666	10	10
Gene388	0.0805535254987468	10	8
Gene389	0.710543415410488	10	8
Gene390	0.0971458876620173	10	5
Gene391	0.159827916329789	10	10
Gene392	0.734792972956098	10	6
Gene393	0.227420649695965	10	8
Gene394	0.689702199763193	10	4
Gene395	0.37463350503297	10	8
Gene396	0.545981789639104	10	10
Gene397	0.823810506140195	10	10
Gene398	0.145693260822729	10	8
Gene399	0.154923119893145	10	6
Gene400	1	10	9
Gene401	0.155263280706429	10	7
Gene402	0.164060346003538	10	8
Gene403	0.380414814480959	10	10
Gene404	0.131234707325468	10	3
Gene405	0.574650958990469	10	5
Gene406	0.576743751142892	10	8
Gene407	0.722127520262056	10	10
Gene408	0.884645365554995	10	9
Gene409	0.136693129261984	10	10
Gene410	0.19666528748963	10	7
Gene411	0.575643173053959	10	10
Gene412	0.810581975929969	10	10
Gene413	0.0274191737558124	10	5
Gene414	0.50991279711922	10	10
Gene415	0.0142483113150205	10	10
Gene416	0.226482380148527	10	8
Gene417	0.520523670828138	10	9
Gene418	0.596971710487293	10	10
Gene419	0.790017128424005	10	9
Gene420	0.0697352756943695	10	7
Gene421	0.016512777993928	10	8
Gene422	0.5954780776878	10	8
Gene423	0.207490230418733	10	9
Gene424	0.1613422192442	10	9
Gene425	0.273553072684787	10	5
Gene426	0.361849210167939	10	7
Gene427	0.765272884884864	10	6
Gene428	0.0135119609118316	10	7
Gene429	0.111703181900115	10	9
Gene430	0.0743461357850068	10	10
Gene431	0.312749112136283	10	10
Gene432	0.557355074537028	10	10
Gene433	0.824882269110988	10	9
Gene434	0.728105561356128	10	10
Gene435	0.627296329922448	10	9
Gene436	0.731932166681691	10	10
Gene437	0.00973557118860369	10	8
Gene438	0.113049719002702	10	10
Gene439	0.638536259099105	10	9
Gene440	0.709545155732279	10	7
Gene441	1	10	8
Gene442	0.12512566546658	10	8
Gene443	0.315843475604233	10	10
Gene444	0.0161787708514859	10	10
Gene445	0.746382658201165	10	8
Gene446	0.58149170964574	10	7
Gene447	0.293748533909868	10	10
Gene448	0.690478846758129	10	7
Gene449	0.566384920167777	10	8
Gene450	0.422486723817054	10	10
Gene451	0.131229068138079	10	9
Gene452	0.444347474102255	10	9
Gene453	1	10	6
Gene454	0.475471819986692	10	8
Gene455	0.24236217003246	10	10
Gene456	0.137238272358342	10	9
Gene457	0.516759069641004	10	8
Gene458	0.086073468887375	10	10
Gene459	0.786001291624243	10	9
Gene460	0.258397874792276	10	7
Gene461	0.280291608440712	10	8
Gene462	0.483336601901435	10	8
Gene463	0.36317191398957	10	8
Gene464	0.0871980216255517	10	8
Gene465	0.151938622948565	10	8
Gene466	0.00248282549719103	10	7
Gene467	0.878384020323368	10	7
Gene468	0.821343130025071	10	10
Gene469	0.88695315860839	10	5
Gene470	0.00796557262181652	10	6
Gene471	0.264308054740963	10	5
Gene472	0.17927895975738	10	6
Gene473	0.0181466684226583	10	7
Gene474	0.737671493629357	10	6
Gene475	0.522033297495078	10	10
Gene476	0.327254615910383	10	10
Gene477	0.590087777763311	10	6
Gene478	0.229869507274463	10	7
Gene479	0.485128942347315	10	7
Gene480	0.325438520405771	10	9
Gene481	0.0511445895655754	10	10
Gene482	0.0594491999209773	10	10
Gene483	0.390294393733204	10	9
Gene484	0.697767094598493	10	4
Gene485	0.153459023932649	10	6
Gene486	0.127417780102421	10	7
Gene487	0.233542147100577	10	5
Gene488	0.430463318054039	10	3
Gene489	0.272101345625499	10	6
Gene490	0.450297872363025	10	9
Gene491	0.356721376171929	10	9
Gene492	0.816144370853643	10	8
Gene493	0.886806338916044	10	7
Gene494	0.336446533962888	10	9
Gene495	0.104085157552211	10	5
Gene496	0.143654693933985	10	9
Gene497	0.275630709375747	10	10
Gene498	0.599943134933314	10	6
Gene499	0.250758746204324	10	10
Gene500	0.526879583475506	10	9
Gene501	0.120172627816649	10	10
Gene502	0.572827590211438	10	9
Gene503	0.438573518390003	10	9
Gene504	0.861868080272044	10	10
Gene505	0.689400898983745	10	7
Gene506	0.12011387347567	10	8
Gene507	0.571578025829284	10	6
Gene508	0.643828418073247	10	8
Gene509	0.850307933831491	10	6
Gene510	0.076874574357672	10	9
Gene511	0.246655596492359	10	10
Gene512	0.256703601110387	10	7
Gene513	1	10	6
Gene514	0.0947356320670265	10	6
Gene515	0.876111870097378	10	8
Gene516	0.635057123766254	10	10
Gene517	0.517473797769584	10	9
Gene518	0.752785888708914	10	10
Gene519	0.814810957577735	10	8
Gene520	1	10	8
Gene521	0.818022190035447	10	10
Gene522	0.845300320019895	10	6
Gene523	0.298083446596613	10	10
Gene524	0.0796811827140442	10	9
Gene525	0.387929985767035	10	6
Gene526	0.570143464738692	10	9
Gene527	0.72107237700933	10	10
Gene528	0.503304512850861	10	8
Gene529	0.829637915340097	10	8
Gene530	1	10	8
Gene531	0.658241034955838	10	7
Gene532	0.729809816251765	10	10
Gene533	0.720126646920088	10	9
Gene534	0.25337078692058	10	8
Gene535	0.115177879979928	10	10
Gene536	0.314249608969925	10	5
Gene537	0.791713059541644	10	9
Gene538	0.209002081342715	10	10
Gene539	0.795652412698417	10	8
Gene540	0.0652709457120308	10	10
Gene541	0.193623585432278	10	7
Gene542	1	10	7
Gene543	0.219635332859641	10	8
Gene544	0.301565688950357	10	8
Gene545	0.515381919877916	10	3
Gene546	0.0670792445092769	10	7
Gene547	0.396699032967214	10	9
Gene548	0.286909280854684	10	4
Gene549	0.629897001074662	10	10
Gene550	0.64335451910849	10	6
Gene551	0.0736661760509464	10	7
Gene552	0.652210510091874	10	8
Gene553	0.879402924312051	10	9
Gene554	0.773907335925469	10	10
Gene555	0.17864710874621	10	10
Gene556	0.887080492454137	10	9
Gene557	0.809631079804731	10	7
Gene558	0.726506500346884	10	9
Gene559	0.260870488166958	10	10
Gene560	0.494827707019626	10	10
Gene561	0.848178831479576	10	5
Gene562	0.879015794834397	10	3
Gene563	0.19518283536029	10	8
Gene564	0.712405039274887	10	9
Gene565	0.782045894225485	10	9
Gene566	0.687477930863634	10	10
Gene567	0.534664921392999	10	10
Gene568	0.806266134531379	10	10
Gene569	0.747679835168328	10	8
Gene570	0.372550736934235	10	8
Gene571	0.656019099924689	10	6
Gene572	0.333575499807201	10	9
Gene573	0.534307277327674	10	7
Gene574	0.148354351726188	10	9
Gene575	0.357211533698209	10	5
Gene576	0.872536404452582	10	5
Gene577	0.172466023184261	10	9
Gene578	0.89071771117359	10	10
Gene579	0.541556860002777	10	8
Gene580	0.895255790324928	10	9
Gene581	0.0757459158554595	10	8
Gene582	0.352406367464648	10	6
Gene583	0.820322648435954	10	10
Gene584	0.20926457871399	10	7
Gene585	0.262839974618837	10	10
Gene586	0.894337752386431	10	7
Gene587	0.778008698969462	10	9
Gene588	0.365910527533452	10	10
Gene589	0.601187928025362	10	7
Gene590	0.84829436555475	10	3
Gene591	0.10786024902102	10	3
Gene592	1	10	6
Gene593	0.531058186804281	10	6
Gene594	0.816832968364338	10	10
Gene595	0.728357972408104	10	10
Gene596	0.687950702581687	10	10
Gene597	0.0882293199195716	10	9
Gene598	0.262104312800483	10	7
Gene599	0.247339492461351	10	4
Gene600	0.50102186873713	10	9
Gene601	0.460308530216805	10	5
Gene602	0.824494186893246	10	8
Gene603	0.189784469254918	10	8
Gene604	1	10	10
Gene605	0.755998597945084	10	10
Gene606	1	10	8
Gene607	0.37218463852964	10	4
Gene608	0.340421153642559	10	7
Gene609	0.234090608524244	10	9
Gene610	0.703439081731258	10	10
Gene611	0.138576740526687	10	8
Gene612	0.119251753150617	10	6
Gene613	0.490349148975947	10	9
Gene614	0.394952969544344	10	6
Gene615	0.741982373577614	10	10
Gene616	0.166354405637097	10	7
Gene617	1	10	8
Gene618	0.385219788759979	10	7
Gene619	0.209035678917392	10	9
Gene620	0.465333774956284	10	10
Gene621	0.38504258410857	10	9
Gene622	0.127566403634679	10	9
Gene623	0.690651410770634	10	8
Gene624	0.497485300564661	10	9
Gene625	0.753333873030529	10	7
Gene626	0.765409687654228	10	8
Gene627	0.843074370566853	10	7
Gene628	0.113931089923772	10	10
Gene629	0.457317075460861	10	9
Gene630	0.541717228956918	10	7
Gene631	0.610954157967307	10	8
Gene632	1	10	8
Gene633	0.816908051473955	10	9
Gene634	0.281495361348753	10	7
Gene635	0.318315346906172	10	7
Gene636	0.821968901977328	10	3
Gene637	0.358102406053668	10	9
Gene638	0.373358429396616	10	9
Gene639	0.69965789544046	10	8
Gene640	0.390026454272341	10	10
Gene641	0.131416386683188	10	10
Gene642	0.319741302200744	10	9
Gene643	0.801245891613676	10	5
Gene644	1	10	6
Gene645	0.0375612217645758	10	5
Gene646	0.850612587075042	10	9
Gene647	0.189450001638627	10	8
Gene648	0.13522183631889	10	6
Gene649	0.752393235646689	10	7
Gene650	0.592717689750316	10	6
Gene651	0.755723627157069	10	7
Gene652	0.346099804968802	10	8
Gene653	0.0347946973655635	10	7
Gene654	0.177951913698801	10	8
Gene655	0.102799283304989	10	8
Gene656	1	10	9
Gene657	0.0695831680874439	10	8
Gene658	0.844148763544016	10	10
Gene659	0.0912678031400802	10	10
Gene660	0.0304033886733289	10	10
Gene661	0.508857997217509	10	5
Gene662	0.119108560965901	10	7
Gene663	0.143367262460268	10	2
Gene664	0.295774110921816	10	9
Gene665	0.388553861247125	10	6
Gene666	0.650278803530021	10	9
Gene667	0.229705164269556	10	8
Gene668	1	10	5
Gene669	0.482158786949328	10	9
Gene670	0.460370242985937	10	8
Gene671	0.287594832611477	10	8
Gene672	0.206445985150181	10	6
Gene673	0.823704090149044	10	7
Gene674	0.308949867414266	10	9
Gene675	0.414891612977468	10	5
Gene676	0.12402067662678	10	8
Gene677	1	10	8
Gene678	0.55841363040358	10	6
Gene679	0.784693837442641	10	9
Gene680	1	10	10
Gene681	0.211832443221011	10	9
Gene682	0.0356373361569109	10	10
Gene683	0.661936256071245	10	5
Gene684	0.759638116691402	10	6
Gene685	0.229890115934979	10	7
Gene686	0.370401146795608	10	10
Gene687	0.252739474818684	10	9
Gene688	0.224855095360057	10	7
Gene689	0.0939829149857601	10	10
Gene690	0.816815024494122	10	10
Gene691	0.768583712266101	10	9
Gene692	1	10	3
Gene693	0.385160733714	10	5
Gene694	0.814058808867244	10	10
Gene695	0.63941193429619	10	5
Gene696	0.216456674685368	10	6
Gene697	0.655954863354662	10	5
Gene698	0.813035014022652	10	10
Gene699	0.399127764801631	10	9
Gene700	1	10	6
Gene701	0.233704357077064	10	8
Gene702	0.521473673884793	10	8
Gene703	1	10	8
Gene704	0.674496075260526	10	10
Gene705	0.581001207767653	10	4
Gene706	0.362601563639411	10	8
Gene707	0.375107431561303	10	10
Gene708	0.430584800003501	10	10
Gene709	0.741224161431627	10	6
Gene710	0.22267375202703	10	8
Gene711	0.649766264831621	10	3
Gene712	0.58306156805	10	10
Gene713	0.119242399250464	10	9
Gene714	0.781568750594257	10	6
Gene715	0.268409477386681	10	8
Gene716	0.0554472916616209	10	9
Gene717	0.568438940822389	10	9
Gene718	0.809029433772626	10	9
Gene719	0.357838187532592	10	10
Gene720	0.038525069394465	10	7
Gene721	0.207155016471913	10	7
Gene722	0.367670331964722	10	10
Gene723	0.606762301024799	10	5
Gene724	0.437376122212491	10	10
Gene725	0.771524457357529	10	10
Gene726	0.382270427047424	10	7
Gene727	0.226406952007315	10	9
Gene728	0.229314532516852	10	10
Gene729	0.518739807669704	10	10
Gene730	0.592590266158918	10	6
Gene731	0.693034918324734	10	8
Gene732	0.23367289225708	10	10
Gene733	0.570050466213322	10	10
Gene734	0.0788009904997052	10	10
Gene735	0.577031328850192	10	10
Gene736	1	10	7
Gene737	0.6293257620881	10	8
Gene738	0.549223877600611	10	7
Gene739	0.47098191836412	10	9
Gene740	0.794619374559079	10	7
Gene741	0.720987172256768	10	7
Gene742	0.605499508270767	10	8
Gene743	0.426900079694068	10	8
Gene744	0.604298484828428	10	10
Gene745	0.648589900113513	10	4
Gene746	1	10	5
Gene747	0.300951683540806	10	9
Gene748	0.82778990310013	10	7
Gene749	0.318655759453038	10	9
Gene750	0.109842177861619	10	9
Gene751	0.554890994032296	10	9
Gene752	0.857828380021492	10	9
Gene753	0.687381529286062	10	9
Gene754	0.830672114315911	10	10
Gene755	0.121193944164001	10	7
Gene756	0.0889633032874718	10	8
Gene757	1	10	8
Gene758	0.0109647823197558	10	10
Gene759	0.469296788011369	10	8
Gene760	0.278252771757293	10	10
Gene761	0.0233948647492059	10	9
Gene762	0.449272818399324	10	9
Gene763	0.739041220674606	10	9
Gene764	0.252880658973212	10	5
Gene765	0.874310309348928	10	6
Gene766	0.306170215663536	10	10
Gene767	0.207533660212037	10	8
Gene768	0.421796559761709	10	10
Gene769	0.372953851218472	10	6
Gene770	1	10	9
Gene771	1	10	5
Gene772	0.907428080450313	10	8
Gene773	0.0347476484955119	10	9
Gene774	0.230641521622695	10	6
Gene775	0.329368784893628	10	4
Gene776	0.392579718559612	10	9
Gene777	0.8020570377768	10	10
Gene778	0.395590857855559	10	6
Gene779	0.447147815611016	10	8
Gene780	0.133045560816511	10	9
Gene781	0.567602007421416	10	9
Gene782	1	10	4
Gene783	0.753155918349441	10	5
Gene784	0.556809735223764	10	10
Gene785	0.0343050482208197	10	8
Gene786	0.238856925403336	10	9
Gene787	0.788614587126932	10	5
Gene788	0.557568025114936	10	10
Gene789	0.252794892950921	10	6
Gene790	1	10	9
Gene791	0.648893255639391	10	8
Gene792	0.639243948111852	10	10
Gene793	0.532166048290776	10	10
Gene794	0.615784837704043	10	9
Gene795	0.640518167387817	10	6
Gene796	0.417240876890622	10	10
Gene797	0.254361614044892	10	10
Gene798	0.482950229305307	10	6
Gene799	0.253167002963553	10	8
Gene800	0.45327865479466	10	8
Gene801	0.183563728674658	10	10
Gene802	0.63670870175619	10	8
Gene803	0.580078566903077	10	10
Gene804	0.401538393568127	10	10
Gene805	0.177184489210156	10	7
Gene806	0.872462234905579	10	7
Gene807	0.143969320857587	10	8
Gene808	0.435725123217365	10	6
Gene809	1	10	10
Gene810	0.210894822543687	10	9
Gene811	0.735135947592633	10	10
Gene812	0.701916563749647	10	10
Gene813	0.269810648011188	10	8
Gene814	0.099035197089552	10	8
Gene815	0.460363825371592	10	10
Gene816	0.888948450348837	10	6
Gene817	0.642146864987513	10	9
Gene818	0.628856336475656	10	9
Gene819	0.460145221716385	10	7
Gene820	0.441429697032425	10	8
Gene821	0.0368408204417388	10	8
Gene822	0.909838558064418	10	9
Gene823	0.852330044273097	10	6
Gene824	0.407789237891213	10	10
Gene825	1	10	9
Gene826	0.298812006475654	10	10
Gene827	0.486336367732146	10	9
Gene828	0.880699968085213	10	5
Gene829	0.277858999543707	10	7
Gene830	0.709131763870513	10	7
Gene831	0.361511079847746	10	10
Gene832	0.50280780019361	10	10
Gene833	0.695205202176524	10	10
Gene834	0.275624401954724	10	10
Gene835	1	10	9
Gene836	0.799061592643691	10	8
Gene837	0.376550184500291	10	6
Gene838	0.894143601364655	10	7
Gene839	0.886886254957314	10	5
Gene840	0.470324341327896	10	3
Gene841	0.759014099737271	10	7
Gene842	0.137783114813089	10	5
Gene843	0.659030882211825	10	8
Gene844	0.553666487126486	10	9
Gene845	0.712411232083779	10	5
Gene846	0.723912437638063	10	6
Gene847	0.713038600956558	10	5
Gene848	0.3222342261814	10	7
Gene849	0.38041363584284	10	9
Gene850	0.0647613338557332	10	6
Gene851	0.448987032668082	10	4
Gene852	0.70876866186319	10	9
Gene853	0.1741430599687	10	10
Gene854	1	10	9
Gene855	0.76198890866661	10	10
Gene856	0.108154049355389	10	9
Gene857	0.613149770496304	10	7
Gene858	0.819587600438152	10	9
Gene859	0.181410534284019	10	10
Gene860	0.531486860895236	10	10
Gene861	1	10	8
Gene862	0.345603814007058	10	9
Gene863	0.885848099085103	10	7
Gene864	0.222762264548628	10	7
Gene865	0.710159962511015	10	9
Gene866	0.564616753105758	10	9
Gene867	0.416608229678729	10	10
Gene868	0.465653462978412	10	8
Gene869	0.701549239219968	10	3
Gene870	0.408918660132135	10	6
Gene871	0.720093713081956	10	7
Gene872	0.121596515292723	10	7
Gene873	1	10	7
Gene874	0.0821714441588118	10	7
Gene875	0.372063604891174	10	9
Gene876	0.40170338344639	10	8
Gene877	0.10562950845826	10	3
Gene878	0.315284480001503	10	9
Gene879	0.571578836068672	10	7
Gene880	0.867258802160189	10	7
Gene881	0.752088895617113	10	10
Gene882	0.685964374714791	10	8
Gene883	0.714981289499355	10	8
Gene884	0.220280405976127	10	10
Gene885	1	10	7
Gene886	1	10	7
Gene887	0.790688832001019	10	10
Gene888	0.349402689005971	10	10
Gene889	0.230917841480353	10	5
Gene890	0.613664107486605	10	9
Gene891	0.437942033537361	10	7
Gene892	0.825558397894736	10	9
Gene893	1	10	9
Gene894	0.361064700536711	10	10
Gene895	0.804983025585725	10	10
Gene896	1	10	9
Gene897	0.176776591211641	10	8
Gene898	0.594185595401641	10	10
Gene899	0.427946960812409	10	6
Gene900	0.231305535349338	10	3
Gene901	0.115325135890509	10	6
Gene902	0.235330012667116	10	7
Gene903	0.704339883523539	10	10
Gene904	0.33283321841714	10	5
Gene905	0.365247522024113	10	9
Gene906	0.522086654460007	10	7
Gene907	0.326737573253333	10	3
Gene908	0.770715783305559	10	10
Gene909	1	10	10
Gene910	1	10	9
Gene911	0.575003861269521	10	10
Gene912	0.805795216334145	10	7
Gene913	0.191764391500987	10	9
Gene914	0.459298150287793	10	8
Gene915	0.691271718863581	10	8
Gene916	0.288500096196332	10	8
Gene917	0.382666162559788	10	7
Gene918	0.648333073137525	10	9
Gene919	0.147345594076761	10	10
Gene920	0.196814361241324	10	10
Gene921	0.481942947560779	10	9
Gene922	0.702099131931124	10	8
Gene923	0.794302645463525	10	10
Gene924	0.570610465936801	10	7
Gene925	0.782102534033295	10	8
Gene926	0.420318232036809	10	10
Gene927	0.190802347433312	10	9
Gene928	1	10	7
Gene929	1	10	8
Gene930	0.116321350364888	10	8
Gene931	0.248259983131867	10	9
Gene932	0.298066262588322	10	8
Gene933	0.208954345700441	10	10
Gene934	0.129570490650455	10	6
Gene935	0.75552347110665	10	7
Gene936	1	10	8
Gene937	0.241719822867352	10	7
Gene938	0.726626566483025	10	10
Gene939	0.142277735897735	10	10
Gene940	0.372463028247245	10	10
Gene941	0.853501155968708	10	10
Gene942	1	10	10
Gene943	0.320071467136892	10	9
Gene944	1	10	9
Gene945	1	10	10
Gene946	0.810445210441372	10	8
Gene947	0.566984996587217	10	7
Gene948	0.718860097976274	10	10
Gene949	0.870710397915744	10	8
Gene950	0.431064299816971	10	10
Gene951	0.561335294695784	10	10
Gene952	0.140797347959268	10	6
Gene953	0.234026960295955	10	9
Gene954	0.632729247955349	10	7
Gene955	0.835977531941014	10	10
Gene956	0.455668401249998	10	5
Gene957	0.837789226703764	10	8
Gene958	0.377197253068846	10	10
Gene959	1	10	9
Gene960	0.882885743905712	10	10
Gene961	1	10	8
Gene962	0.509045883960432	10	7
Gene963	0.467326424444957	10	8
Gene964	0.761147533577428	10	8
Gene965	0.671000151401498	10	6
Gene966	0.314806233447137	10	10
Gene967	1	10	8
Gene968	0.827293528934942	10	6
Gene969	0.85421351866505	10	10
Gene970	0.245203842381442	10	7
Gene971	0.194352685516262	10	7
Gene972	0.540253410478419	10	3
Gene973	0.118258081695447	10	7
Gene974	0.0912469362077276	10	10
Gene975	0.732231206469155	10	8
Gene976	1	10	10
Gene977	0.286809999307377	10	10
Gene978	0.456452284539706	10	10
Gene979	0.0197763997514522	10	8
Gene980	1	10	8
Gene981	0.587788173371806	10	8
Gene982	0.631335441290044	10	10
Gene983	0.183550868822261	10	7
Gene984	0.838819547054028	10	6
Gene985	0.832395645577856	10	10
Gene986	0.545596250241362	10	6
Gene987	0.0111017374254436	10	7
Gene988	0.374758865335474	10	9
Gene989	0.212953032199255	10	8
Gene990	0.0793639712896758	10	9
Gene991	0.169543936647963	10	8
Gene992	0.598968289998989	10	6
Gene993	0.330204285969491	10	9
Gene994	0.911412619383491	10	7
Gene995	0.248876706603052	10	6
Gene996	0.914674212214783	10	9
Gene997	0.669236943725321	10	10
Gene998	0.550004695735719	10	9
Gene999	0.367440460940361	10	5
Gene1000	0.858826173080361	10	6
Gene1001	0.0126593457231373	10	9
Gene1002	0.102588029346701	10	8
Gene1003	0.557051130056561	10	8
Gene1004	0.177302639636116	10	10
Gene1005	0.633061379249603	10	7
Gene1006	0.238580594956294	10	7
Gene1007	0.898707769436857	10	6
Gene1008	0.115864108680068	10	9
Gene1009	1	10	6
Gene1010	0.0328640918807481	10	5
Gene1011	0.428387910866974	10	10
Gene1012	0.156376155535096	10	10
Gene1013	0.320103959646447	10	10
Gene1014	0.309003748419959	10	10
Gene1015	0.211534285400241	10	9
Gene1016	0.526763928156522	10	9
Gene1017	0.154831968414799	10	9
Gene1018	1	10	5
Gene1019	0.433341886849673	10	8
Gene1020	0.79903403826187	10	9
Gene1021	0.218907087076633	10	4
Gene1022	0.259676104628506	10	9
Gene1023	0.15505593290113	10	10
Gene1024	0.915021260806927	10	9
Gene1025	0.209503735053868	10	6
Gene1026	0.106093009058028	10	5
Gene1027	1	10	7
Gene1028	0.510119543629981	10	10
Gene1029	0.755412981425984	10	8
Gene1030	0.659546059473732	10	9
Gene1031	0.332546031555985	10	9
Gene1032	0.245106017090303	10	10
Gene1033	0.217978346370248	10	10
Gene1034	0.688818213855604	10	9
Gene1035	0.680822363908916	10	10
Gene1036	0.067859720623791	10	7
Gene1037	0.362809070155315	10	4
Gene1038	0.649351390393246	10	10
Gene1039	1	10	4
Gene1040	0.766495847030205	10	10
Gene1041	0.505732295967631	10	10
Gene1042	0.0305396250173176	10	9
Gene1043	0.218579519512888	10	7
Gene1044	0.643010556419907	10	8
Gene1045	0.674966117432805	10	9
Gene1046	0.0964269695395517	10	10
Gene1047	0.0588979525930742	10	8
Gene1048	0.752763417980535	10	10
Gene1049	1	10	10
Gene1050	0.594304812122951	10	7
Gene1051	0.595034298494697	10	8
Gene1052	0.0498159387458654	10	7
Gene1053	0.747855594145189	10	10
Gene1054	0.629101261212303	10	3
Gene1055	0.547080162520499	10	5
Gene1056	0.0419928242061898	10	7
Gene1057	0.255824077180191	10	10
Gene1058	0.541451358680956	10	10
Gene1059	0.360027762598843	10	10
Gene1060	0.242471856554881	10	7
Gene1061	0.00411598402565505	10	8
Gene1062	0.181236034374495	10	9
Gene1063	0.709160686039872	10	10
Gene1064	1	10	9
Gene1065	0.397515211966554	10	10
Gene1066	0.288294570611262	10	8
Gene1067	0.780553510882759	10	10
Gene1068	0.526043338360328	10	7
Gene1069	0.640670480555348	10	5
Gene1070	0.636504773651725	10	10
Gene1071	0.610797201462504	10	8
Gene1072	1	10	9
Gene1073	0.257169163610447	10	8
Gene1074	0.633154853543292	10	9
Gene1075	0.695107190355979	10	7
Gene1076	0.356365764756521	10	10
Gene1077	0.518032768209731	10	7
Gene1078	0.0197310887909541	10	7
Gene1079	0.105391000516877	10	7
Gene1080	0.754973589732161	10	8
Gene1081	0.692038817343559	10	9
Gene1082	0.88951540413831	10	8
Gene1083	1	10	10
Gene1084	0.0402061531106332	10	10
Gene1085	0.761255400711395	10	10
Gene1086	0.264234479932834	10	8
Gene1087	0.0143508143014137	10	7
Gene1088	0.22893119023888	10	6
Gene1089	0.492334419357347	10	10
Gene1090	0.220447503444293	10	10
Gene1091	0.430072567446143	10	8
Gene1092	0.539528343210224	10	8
Gene1093	0.551016646075656	10	7
Gene1094	1	10	10
Gene1095	0.320442286758732	10	9
Gene1096	0.834698241629592	10	7
Gene1097	0.367488466390212	10	9
Gene1098	0.231973253366904	10	6
Gene1099	0.16738115696052	10	10
Gene1100	0.629161822044096	10	7
Gene1101	0.865612382663689	10	9
Gene1102	0.815052501447079	10	6
Gene1103	0.442932966585547	10	8
Gene1104	0.0588015393014663	10	9
Gene1105	0.154397017611136	10	9
Gene1106	0.873225456970945	10	9
Gene1107	0.558756756542051	10	7
Gene1108	0.619759145164857	10	9
Gene1109	1	10	8
Gene1110	0.18216538149821	10	8
Gene1111	0.201779746655292	10	8
Gene1112	0.36352186790792	10	7
Gene1113	0.372160395960146	10	8
Gene1114	0.54105449261543	10	9
Gene1115	0.620981469384359	10	7
Gene1116	0.85379160924819	10	8
Gene1117	0.786151008426047	10	9
Gene1118	0.397251098168989	10	8
Gene1119	1	10	6
Gene1120	0.485075434032761	10	3
Gene1121	0.73294704261792	10	9
Gene1122	0.353978788810317	10	8
Gene1123	0.706263661036666	10	7
Gene1124	1	10	7
Gene1125	0.0942359011843199	10	10
Gene1126	0.710080595629608	10	9
Gene1127	0.333609018768522	10	7
Gene1128	0.6692296671017	10	8
Gene1129	0.294822029444583	10	8
Gene1130	0.0910444913901414	10	7
Gene1131	0.120557012185644	10	10
Gene1132	0.770645145849301	10	10
Gene1133	1	10	0
Gene1134	0.510172508208055	10	10
Gene1135	0.291638368944335	10	9
Gene1136	0.161753141031807	10	9
Gene1137	0.568346745261866	10	4
Gene1138	0.547533328038674	10	7
Gene1139	0.881325817202219	10	7
Gene1140	0.752528201792454	10	10
Gene1141	0.828888019228913	10	5
Gene1142	0.565432287762841	10	8
Gene1143	0.481662641922287	10	6
Gene1144	0.0260702958154878	10	9
Gene1145	0.176875407586514	10	9
Gene1146	0.506717775814415	10	6
Gene1147	1	10	7
Gene1148	1	10	5
Gene1149	0.112168474464259	10	6
Gene1150	0.366277317767995	10	10
Gene1151	0.804630937596216	10	8
Gene1152	0.854522829923493	10	7
Gene1153	0.596383411599208	10	10
Gene1154	0.89968026678465	10	10
Gene1155	0.398837802781725	10	7
Gene1156	0.786110013169948	10	10
Gene1157	0.158225363942303	10	8
Gene1158	0.546337097797426	10	10
Gene1159	0.703081721205459	10	6
Gene1160	0.544393340352241	10	5
Gene1161	0.577368517866528	10	4
Gene1162	0.153857900910013	10	9
Gene1163	0.674460826875229	10	10
Gene1164	0.255301289771362	10	8
Gene1165	0.666634907991737	10	9
Gene1166	0.370465886695764	10	10
Gene1167	0.291229692061086	10	10
Gene1168	0.453033358880488	10	10
Gene1169	0.024894094216564	10	8
Gene1170	0.854498633957653	10	10
Gene1171	0.188723547539169	10	7
Gene1172	0.828899425360834	10	7
Gene1173	0.420927075088999	10	8
Gene1174	0.612783598336576	10	9
Gene1175	0.297571184357961	10	9
Gene1176	0.314058979627665	10	6
Gene1177	0.750968933697153	10	9
Gene1178	0.221036408177736	10	10
Gene1179	0.230684280612648	10	8
Gene1180	0.774691241718607	10	6
Gene1181	0.612565586454466	10	9
Gene1182	0.299284741036134	10	5
Gene1183	0.530705072214774	10	9
Gene1184	0.52776723712623	10	8
Gene1185	0.687819869683484	10	7
Gene1186	0.0423334742493752	10	10
Gene1187	0.411005076286697	10	7
Gene1188	0.491769618304557	10	9
Gene1189	1	10	10
Gene1190	0.191799692011779	10	5
Gene1191	0.872246775118414	10	9
Gene1192	0.905185664068665	10	10
Gene1193	0.371614751883518	10	6
Gene1194	0.539575320563819	10	8
Gene1195	0.798870808306397	10	9
Gene1196	0.440848342054092	10	7
Gene1197	0.608347929338485	10	8
Gene1198	0.745024915672133	10	10
Gene1199	0.59706143655031	10	8
Gene1200	0.734667841445557	10	9
Gene1201	0.369032317639147	10	2
Gene1202	0.151931602006057	10	6
Gene1203	0.612837685458103	10	5
Gene1204	0.521188126768772	10	4
Gene1205	0.452690595851218	10	7
Gene1206	0.308504174594222	10	3
Gene1207	0.792809017495762	10	1
Gene1208	0.888693699839548	10	8
Gene1209	0.620069847791133	10	8
Gene1210	0.681577415830656	10	9
Gene1211	0.254703186924618	10	7
Gene1212	0.480033377831525	10	8
Gene1213	0.265178654277483	10	7
Gene1214	0.0747438164700376	10	9
Gene1215	0.594820923058604	10	6
Gene1216	0.0490428990781354	10	7
Gene1217	0.759135694649987	10	7
Gene1218	0.681971264443991	10	10
Gene1219	1	10	4
Gene1220	0.686822985067972	10	6
Gene1221	0.71967315233636	10	10
Gene1222	0.484294313305441	10	10
Gene1223	0.250497668299201	10	10
Gene1224	0.00293590830708912	10	10
Gene1225	0.00210798014230318	10	8
Gene1226	0.445621924251077	10	9
Gene1227	0.153664405099719	10	9
Gene1228	0.516037486446249	10	10
Gene1229	0.319145691058363	10	10
Gene1230	0.370051978460329	10	10
Gene1231	0.701182093088436	10	10
Gene1232	0.0333272242630698	10	10
Gene1233	0.295695992706755	10	8
Gene1234	0.765651126533555	10	10
Gene1235	0.846994704445624	10	6
Gene1236	0.757638554211085	10	5
Gene1237	0.122125050714812	10	7
Gene1238	0.101630494354232	10	8
Gene1239	0.0609155064396372	10	10
Gene1240	0.112672777444916	10	9
Gene1241	0.750506949891153	10	10
Gene1242	0.124250120683219	10	10
Gene1243	0.798272063795654	10	5
Gene1244	0.689100687615464	10	10
Gene1245	0.168709503265104	10	10
Gene1246	0.851362346807909	10	5
Gene1247	0.334343148398065	10	9
Gene1248	0.606592407225425	10	8
Gene1249	0.518487170569981	10	9
Gene1250	0.501356842095187	10	8
Gene1251	0.428651911336346	10	9
Gene1252	0.775378103528107	10	9
Gene1253	0.0155938412383025	10	9
Gene1254	0.269204342438713	10	6
Gene1255	1	10	10
Gene1256	0.307196438173518	10	7
Gene1257	0.426398812984809	10	10
Gene1258	0.194533228569837	10	10
Gene1259	0.288270471965902	10	10
Gene1260	0.223286350875925	10	10
Gene1261	0.19731613029179	10	8
Gene1262	0.031703644705507	10	6
Gene1263	0.34006045034726	10	9
Gene1264	0.757055807454906	10	10
Gene1265	0.303638648025187	10	10
Gene1266	0.37381940097975	10	7
Gene1267	0.166422625911384	10	5
Gene1268	0.86468367611603	10	6
Gene1269	0.75678520400445	10	8
Gene1270	0.773982562116634	10	8
Gene1271	0.594620813777474	10	5
Gene1272	0.282439355757056	10	8
Gene1273	0.801840827507363	10	8
Gene1274	0.763582924634192	10	6
Gene1275	0.290146909594512	10	10
Gene1276	1	10	10
Gene1277	0.312327651897614	10	8
Gene1278	0.184718219027953	10	10
Gene1279	0.0072385522985623	10	8
Gene1280	0.408565379004854	10	10
Gene1281	0.331286083776629	10	6
Gene1282	0.670030309263175	10	5
Gene1283	0.049659859939182	10	9
Gene1284	0.818177461204197	10	8
Gene1285	0.769249166565304	10	7
Gene1286	0.907430753608463	10	10
Gene1287	0.133113175728838	10	8
Gene1288	0.684351280321881	10	8
Gene1289	0.957616684603088	10	2
Gene1290	0.220744266788808	10	5
Gene1291	0.0733458272286833	10	5
Gene1292	0.519657421169556	10	8
Gene1293	0.365373031847739	10	9
Gene1294	0.427599301890686	10	9
Gene1295	0.120269417392032	10	8
Gene1296	0.795043495355405	10	9
Gene1297	0.862721990905409	10	9
Gene1298	0.783417135936697	10	10
Gene1299	1	10	9
Gene1300	0.589624686562058	10	7
Gene1301	0.290736435826444	10	8
Gene1302	0.782876803611361	10	3
Gene1303	0.571862258998425	10	4
Gene1304	1	10	4
Gene1305	0.208165662322253	10	10
Gene1306	0.72280677185279	10	8
Gene1307	0.319869180306522	10	5
Gene1308	0.236747275422813	10	9
Gene1309	0.293914406418142	10	8
Gene1310	0.807965647214101	10	6
Gene1311	0.413478528303603	10	4
Gene1312	0.363391858634647	10	9
Gene1313	0.0385591876539831	10	10
Gene1314	0.784061366790437	10	9
Gene1315	0.331847806406971	10	8
Gene1316	0.725509738041722	10	8
Gene1317	0.0450774070626447	10	6
Gene1318	0.333823177424108	10	10
Gene1319	0.105789857258877	10	10
Gene1320	0.000606495631646942	10	10
Gene1321	0.798230564380197	10	7
Gene1322	0.725921932314893	10	9
Gene1323	0.395355318982412	10	9
Gene1324	0.133499274398374	10	9
Gene1325	0.378449729717954	10	8
Gene1326	1	10	9
Gene1327	0.314069914931131	10	7
Gene1328	0.00356623841888881	10	10
Gene1329	0.653354581471422	10	10
Gene1330	0.405340611251844	10	10
Gene1331	0.589371826155361	10	9
Gene1332	0.782105590910221	10	7
Gene1333	1	10	8
Gene1334	0.332430241635677	10	7
Gene1335	0.43955342371042	10	8
Gene1336	0.855048328327605	10	8
Gene1337	0.668639162772293	10	7
Gene1338	0.484381546509188	10	10
Gene1339	0.393559791638309	10	5
Gene1340	0.647945459851142	10	10
Gene1341	0.197284275003064	10	10
Gene1342	0.702110429229571	10	9
Gene1343	0.779167403339807	10	10
Gene1344	0.904998155380809	10	9
Gene1345	1	10	10
Gene1346	0.731892652021774	10	4
Gene1347	0.348705944301793	10	4
Gene1348	1	10	8
Gene1349	0.234779606751645	10	9
Gene1350	0.687478240391719	10	8
Gene1351	0.685744900628803	10	8
Gene1352	0.417418512674791	10	10
Gene1353	0.766800735942171	10	9
Gene1354	0.0933165093075038	10	8
Gene1355	0.668739330718681	10	7
Gene1356	1	10	6
Gene1357	0.451602245848568	10	10
Gene1358	0.809376610419244	10	5
Gene1359	0.0870770648233568	10	3
Gene1360	0.735842696616483	10	9
Gene1361	1	10	10
Gene1362	0.862508618540075	10	10
Gene1363	0.795128656693636	10	10
Gene1364	1	10	9
Gene1365	0.285497415103516	10	10
Gene1366	0.474808077420816	10	9
Gene1367	0.34658863933356	10	8
Gene1368	0.168139585660655	10	5
Gene1369	0.280263389489037	10	5
Gene1370	0.395821952020313	10	7
Gene1371	0.368012218771591	10	9
Gene1372	0.454375923262644	10	9
Gene1373	1	10	10
Gene1374	0.756498985633519	10	10
Gene1375	1	10	10
Gene1376	0.182284402324815	10	6
Gene1377	0.152044018712807	10	4
Gene1378	0.621344499163672	10	8
Gene1379	0.540622378269282	10	10
Gene1380	0.0873474506043527	10	3
Gene1381	0.0463160689469858	10	9
Gene1382	0.727856699130249	10	10
Gene1383	0.0697269159693829	10	7
Gene1384	0.294236532921797	10	8
Gene1385	0.0204101886913829	10	5
Gene1386	0.793752542151234	10	10
Gene1387	0.271098659977176	10	9
Gene1388	0.606488378319232	10	8
Gene1389	0.761107635797109	10	5
Gene1390	0.788478177090338	10	8
Gene1391	0.564781341042824	10	7
Gene1392	0.131270091219932	10	9
Gene1393	0.87300427891406	10	10
Gene1394	0.880573805738242	10	10
Gene1395	0.855466407574933	10	10
Gene1396	0.153788463851962	10	9
Gene1397	0.807458035012698	10	10
Gene1398	0.853278886631835	10	9
Gene1399	0.312501212583341	10	8
Gene1400	0.910084603852862	10	10
Gene1401	0.109887846342569	10	10
Gene1402	0.241644215479298	10	7
Gene1403	0.881131074149938	10	9
Gene1404	0.521345306487857	10	8
Gene1405	0.0165276941107653	10	8
Gene1406	1	10	4
Gene1407	0.217792698056375	10	9
Gene1408	0.390615745432706	10	9
Gene1409	0.128551394801796	10	2
Gene1410	1	10	9
Gene1411	0.575209427300599	10	8
Gene1412	0.190403396930111	10	10
Gene1413	0.814023918005703	10	10
Gene1414	0.539288607950121	10	4
Gene1415	0.865614480421803	10	6
Gene1416	0.828453140309599	10	10
Gene1417	0.836915011411405	10	8
Gene1418	0.50465132540257	10	4
Gene1419	0.390808037490558	10	6
Gene1420	0.194538198746735	10	9
Gene1421	0.291685416574882	10	8
Gene1422	0.43519946369622	10	5
Gene1423	0.543661037570091	10	10
Gene1424	0.714474413521565	10	10
Gene1425	0.786204624492272	10	10
Gene1426	0.730043161502878	10	9
Gene1427	0.313775645315936	10	8
Gene1428	1	10	10
Gene1429	0.0498837915628914	10	10
Gene1430	0.328342563782071	10	8
Gene1431	0.547496143586995	10	7
Gene1432	0.0995359159553796	10	8
Gene1433	0.0727656199813446	10	7
Gene1434	0.0605293097813624	10	9
Gene1435	0.510393667202548	10	10
Gene1436	0.320397110108763	10	9
Gene1437	0.214008160212916	6	5
