SetID	P.value	N.Marker.All	N.Marker.Test	MAC	m	Method.bin	MAP
Gene1	0.0226593013315097	10	10	24	20	ER.A	-1
Gene2	0.403521240151512	10	10	49	27	MA	-1
Gene3	0.441076625287636	10	7	20	10	ER	0.000291263896747982
Gene4	0.730648982957905	10	10	39	30	ER.A	-1
Gene5	0.016170569448088	10	7	32	15	ER.A	-1
Gene6	0.603527681183199	10	10	28	20	ER.A	-1
Gene7	0.140884867345	10	10	37	15	ER.A	-1
Gene8	0.60903632000248	10	9	41	40	MA	-1
Gene9	0.127683786769344	10	8	20	11	ER	0.000122600084399059
Gene10	0.100773692682873	10	8	29	26	ER.A	-1
Gene11	0.559548755819193	10	9	37	27	ER.A	-1
Gene12	0.493307073701937	10	6	17	10	ER	0.0002352933893236
Gene13	0.560892725296091	10	10	23	16	ER.A	-1
Gene14	0.579477360297186	10	10	34	25	ER.A	-1
Gene15	0.853288244786655	10	9	39	25	ER.A	-1
Gene16	0.575447229985087	10	9	37	20	ER.A	-1
Gene17	0.876797760587879	10	9	32	24	ER.A	-1
Gene18	0.926600979721335	10	9	27	14	ER.A	-1
Gene19	0.209579906455865	10	8	35	22	ER.A	-1
Gene20	0.854074720046259	10	7	17	11	ER	8.46172207055742e-05
Gene21	0.908956806220419	10	8	36	26	ER.A	-1
Gene22	0.211165970185482	10	5	7	4	ER	0.0267737807544609
Gene23	0.108190658980469	10	9	27	12	ER.A	-1
Gene24	0.899280672499959	10	7	33	21	ER.A	-1
Gene25	0.343302088661248	10	9	37	24	ER.A	-1
Gene26	0.68304397214292	10	10	29	15	ER.A	-1
Gene27	0.300975924402441	10	9	36	24	ER.A	-1
Gene28	0.143942895528496	10	10	38	23	ER.A	-1
Gene29	0.251134175217173	10	8	30	24	ER.A	-1
Gene30	0.409256980421664	10	9	23	5	ER.A	-1
Gene31	0.990436663844291	10	10	33	8	ER.A	-1
Gene32	0.811642516758285	10	6	29	19	ER.A	-1
Gene33	0.356881305317269	10	7	28	13	ER.A	-1
Gene34	0.228004723580939	10	7	29	28	ER.A	-1
Gene35	0.45378952750991	10	9	33	24	ER.A	-1
Gene36	0.753257274128354	10	8	25	12	ER.A	-1
Gene37	0.263069229593157	10	10	28	21	ER.A	-1
Gene38	0.203730538914191	10	10	39	17	ER.A	-1
Gene39	0.148890837332778	10	9	29	18	ER.A	-1
Gene40	0.315833926403746	10	6	24	14	ER.A	-1
Gene41	0.531863094090437	10	6	18	10	ER	0.000286311982635312
Gene42	0.267285803336689	10	8	27	18	ER.A	-1
Gene43	0.446229671013053	10	10	39	28	ER.A	-1
Gene44	0.428410596922895	10	10	43	33	MA	-1
Gene45	0.960000699460753	10	7	35	18	ER.A	-1
Gene46	0.343538131691684	10	9	24	10	ER.A	-1
Gene47	0.248356217090583	10	10	29	26	ER.A	-1
Gene48	0.0388779677828381	10	10	39	19	ER.A	-1
Gene49	0.847135619902473	10	10	24	14	ER.A	-1
Gene50	0.669645523292887	10	9	35	29	ER.A	-1
Gene51	0.551929557983547	10	10	36	21	ER.A	-1
Gene52	0.83583149718269	10	5	19	12	ER	3.94290587053904e-05
Gene53	0.325032299572895	10	8	19	11	ER	0.000172673386965685
Gene54	0.818004213474584	10	5	23	18	ER.A	-1
Gene55	0.610059212863096	10	10	14	10	ER	0.000273623157773023
Gene56	0.971244160646174	10	10	35	23	ER.A	-1
Gene57	0.345527110022786	10	5	19	11	ER	0.000111831814539837
Gene58	0.560934028164889	10	6	9	7	ER	0.00372890129183251
Gene59	0.778384304526494	10	4	4	3	ER	0.0538725326777419
Gene60	0.650217032304128	10	5	23	23	ER.A	-1
Gene61	0.83527977118609	10	5	16	12	ER	7.55151436998265e-05
Gene62	0.895072657461215	10	10	32	25	ER.A	-1
Gene63	0.254567027377503	10	7	25	18	ER.A	-1
Gene64	0.114234382954017	10	10	34	20	ER.A	-1
Gene65	0.675233718254246	10	10	32	22	ER.A	-1
Gene66	0.212349883380378	10	10	40	17	ER.A	-1
Gene67	0.769408097316162	10	10	37	22	ER.A	-1
Gene68	0.340842819378137	10	9	28	24	ER.A	-1
Gene69	0.317822189252126	10	10	34	18	ER.A	-1
Gene70	0.176026393013805	10	10	36	28	ER.A	-1
Gene71	0.463110972615203	10	10	39	21	ER.A	-1
Gene72	0.848145317327443	10	6	17	13	ER	3.24127112725517e-05
Gene73	0.392059789024545	10	10	29	27	ER.A	-1
Gene74	0.888553330605918	10	8	30	19	ER.A	-1
Gene75	0.642845713400096	10	10	40	19	ER.A	-1
Gene76	0.137472159947044	10	8	12	8	ER	0.00168384740199896
Gene77	0.248109936338294	10	9	35	23	ER.A	-1
Gene78	0.055713847752543	10	10	24	18	ER.A	-1
Gene79	0.625113652781046	10	9	37	31	ER.A	-1
Gene80	0.0215981733135048	10	10	32	23	ER.A	-1
Gene81	0.462396580706637	10	10	35	19	ER.A	-1
Gene82	0.464672426611978	10	9	33	15	ER.A	-1
Gene83	0.860346416089446	10	10	39	31	ER.A	-1
Gene84	0.210025522494645	10	9	42	21	MA	-1
Gene85	0.24660894125781	10	9	28	23	ER.A	-1
Gene86	0.995389967014924	10	7	23	18	ER.A	-1
Gene87	0.947743179747428	10	7	30	30	ER.A	-1
Gene88	0.219217471263749	10	5	22	18	ER.A	-1
Gene89	0.351138583626514	10	8	33	25	ER.A	-1
Gene90	0.640197006644069	10	8	36	22	ER.A	-1
Gene91	1	10	10	41	18	MA	-1
Gene92	0.221861265079552	10	9	38	29	ER.A	-1
Gene93	0.811286735140447	10	7	27	15	ER.A	-1
Gene94	0.0550128886113224	10	9	24	13	ER.A	-1
Gene95	0.0280148310108416	10	9	31	20	ER.A	-1
Gene96	0.222180829827027	10	10	50	21	MA	-1
Gene97	0.782280707243436	10	5	21	9	ER.A	-1
Gene98	0.13026132161209	10	10	34	23	ER.A	-1
Gene99	0.186392226545566	10	10	39	29	ER.A	-1
Gene100	0.456419670054795	10	10	38	24	ER.A	-1
Gene101	0.488486394200781	10	9	25	13	ER.A	-1
Gene102	0.783406784233616	10	8	20	12	ER	7.4435308008175e-05
Gene103	0.079270982546649	10	5	14	13	ER	4.2005457539633e-05
Gene104	0.802897713245385	10	10	34	22	ER.A	-1
Gene105	0.175038258240727	10	10	31	23	ER.A	-1
Gene106	0.554410216971096	10	10	34	26	ER.A	-1
Gene107	0.543026572160542	10	9	34	27	ER.A	-1
Gene108	0.315343098557455	10	9	38	15	ER.A	-1
Gene109	0.873385033657634	10	7	16	15	ER	8.39513112716272e-06
Gene110	0.354013695329909	10	10	29	21	ER.A	-1
Gene111	0.874536587294059	10	10	44	20	MA	-1
Gene112	0.232514874682416	10	10	27	21	ER.A	-1
Gene113	0.0184789223667977	10	8	33	15	ER.A	-1
Gene114	0.630636642006768	10	10	38	21	ER.A	-1
Gene115	0.0107554830892332	10	6	19	15	ER	6.25638140931189e-06
Gene116	0.0649304444577857	10	7	31	22	ER.A	-1
Gene117	0.391083273056194	10	8	35	27	ER.A	-1
Gene118	0.765437229117672	10	8	20	10	ER	0.000238222879685253
Gene119	0.407543737676243	10	10	34	22	ER.A	-1
Gene120	0.570083533361665	10	10	41	24	MA	-1
Gene121	0.928122197781242	10	9	34	13	ER.A	-1
Gene122	0.559949732184516	10	9	42	20	MA	-1
Gene123	0.758825798289786	10	10	49	24	MA	-1
Gene124	0.432635991566232	10	10	28	18	ER.A	-1
Gene125	0.822116639464582	10	8	32	24	ER.A	-1
Gene126	0.277684489318009	10	10	50	21	MA	-1
Gene127	0.655532001448422	10	10	35	26	ER.A	-1
Gene128	0.26582662046618	10	7	28	24	ER.A	-1
Gene129	0.4022102207945	10	10	43	30	MA	-1
Gene130	0.0492520152425947	10	8	32	26	ER.A	-1
Gene131	0.335809253810394	10	8	41	27	MA	-1
Gene132	0.826967699787224	10	8	28	19	ER.A	-1
Gene133	0.120287025605797	10	10	22	14	ER.A	-1
Gene134	0.525406867425573	10	10	47	21	MA	-1
Gene135	0.593000119906399	10	10	23	14	ER.A	-1
Gene136	0.818921725660766	10	10	28	21	ER.A	-1
Gene137	0.450001189763391	10	10	26	12	ER.A	-1
Gene138	0.0653887699985599	10	10	30	18	ER.A	-1
Gene139	0.319603626056479	10	9	38	25	ER.A	-1
Gene140	0.972409651882341	10	8	38	23	ER.A	-1
Gene141	0.758156459630248	10	9	25	20	ER.A	-1
Gene142	0.40558810946453	10	10	38	31	ER.A	-1
Gene143	0.0502230157902703	10	10	49	19	MA	-1
Gene144	0.527963430967442	10	8	38	24	ER.A	-1
Gene145	0.0809459120909629	10	8	29	15	ER.A	-1
Gene146	0.754358980223298	10	8	24	17	ER.A	-1
Gene147	0.862311450207933	10	8	41	33	MA	-1
Gene148	0.649120767119265	10	10	48	16	MA	-1
Gene149	0.429176330226256	10	10	28	22	ER.A	-1
Gene150	0.282800978559028	10	10	35	21	ER.A	-1
Gene151	0.139944243936555	10	10	34	22	ER.A	-1
Gene152	0.993643526197966	10	9	38	19	ER.A	-1
Gene153	0.353220974510619	10	5	24	14	ER.A	-1
Gene154	0.536229708189094	10	8	29	13	ER.A	-1
Gene155	0.926794479841616	10	8	36	25	ER.A	-1
Gene156	0.968128206130536	10	5	17	5	ER	0.0147416728653846
Gene157	0.546460111487339	10	7	18	9	ER	0.000706040250945885
Gene158	0.804935557142103	10	8	9	4	ER	0.025780273850446
Gene159	0.0390462338912865	10	6	19	14	ER	1.46556079747797e-05
Gene160	0.66546628245491	10	5	11	11	ER	0.000130206124431124
Gene161	0.688013688112162	10	9	34	18	ER.A	-1
Gene162	0.650034568338208	10	9	24	17	ER.A	-1
Gene163	0.0524114113333656	10	6	17	14	ER	1.90845045694462e-05
Gene164	0.42905387948047	10	9	36	27	ER.A	-1
Gene165	0.324523858653888	10	10	24	22	ER.A	-1
Gene166	0.535646647529628	10	8	36	32	ER.A	-1
Gene167	0.496201661815975	10	9	40	26	ER.A	-1
Gene168	0.735807133756987	10	10	32	19	ER.A	-1
Gene169	0.545767141457369	10	8	37	16	ER.A	-1
Gene170	0.159168234981498	10	10	45	23	MA	-1
Gene171	0.0714154926070535	10	3	8	8	ER	0.00122728551227073
Gene172	0.861904673313444	10	9	38	32	ER.A	-1
Gene173	0.854803484083734	10	6	27	11	ER.A	-1
Gene174	0.175237704106797	10	6	17	16	ER	2.36577221977383e-06
Gene175	0.640442633607477	10	9	30	19	ER.A	-1
Gene176	0.0206382179697955	10	8	30	13	ER.A	-1
Gene177	0.13982110403605	10	10	39	12	ER.A	-1
Gene178	0.546558665883613	10	10	46	33	MA	-1
Gene179	0.61176995389583	10	10	45	26	MA	-1
Gene180	0.65613287015614	10	7	30	24	ER.A	-1
Gene181	0.347381339900323	10	7	20	17	ER	2.00345470929988e-06
Gene182	0.42709790372722	10	8	30	24	ER.A	-1
Gene183	0.425960091070601	10	10	45	16	MA	-1
Gene184	0.327263393968134	10	10	34	20	ER.A	-1
Gene185	0.889954886261992	10	10	52	21	MA	-1
Gene186	0.161434476216231	10	1	6	6	ER	0.00603498202791535
Gene187	0.691289280398204	10	6	21	15	ER.A	-1
Gene188	0.366993758574276	10	9	36	15	ER.A	-1
Gene189	0.0344971727992046	10	10	25	13	ER.A	-1
Gene190	0.201292406495351	10	9	22	18	ER.A	-1
Gene191	0.103424798138939	10	7	24	18	ER.A	-1
Gene192	0.211996082830145	10	10	32	18	ER.A	-1
Gene193	0.741378321194694	10	10	37	17	ER.A	-1
Gene194	0.4308250418554	10	7	14	9	ER	0.000595445212127572
Gene195	0.0503369145547192	10	7	26	23	ER.A	-1
Gene196	0.551156241741643	10	10	53	13	MA	-1
Gene197	0.216548537182131	10	5	27	22	ER.A	-1
Gene198	0.91440434107796	10	8	31	23	ER.A	-1
Gene199	0.613973255998246	10	9	35	23	ER.A	-1
Gene200	0.577355065917581	10	10	33	18	ER.A	-1
Gene201	0.508006307762627	10	10	44	25	MA	-1
Gene202	0.687892934379531	10	10	38	23	ER.A	-1
Gene203	0.0280357864157953	10	10	31	15	ER.A	-1
Gene204	0.783922602089387	10	10	41	29	MA	-1
Gene205	0.138852208941564	10	9	28	23	ER.A	-1
Gene206	0.596173409466624	10	10	42	28	MA	-1
Gene207	0.551671249843238	10	8	29	26	ER.A	-1
Gene208	0.781019507713647	10	7	23	10	ER.A	-1
Gene209	0.910452701295573	10	10	33	15	ER.A	-1
Gene210	0.993035092953995	10	9	32	21	ER.A	-1
Gene211	0.918986144527852	10	4	17	7	ER	0.00320884882042987
Gene212	0.178989800526772	10	7	27	17	ER.A	-1
Gene213	0.888208968809658	10	10	35	31	ER.A	-1
Gene214	0.17070218224611	10	10	42	27	MA	-1
Gene215	0.237005767576751	10	9	36	23	ER.A	-1
Gene216	0.291673354357954	10	10	40	25	ER.A	-1
Gene217	0.89829552808545	10	9	30	18	ER.A	-1
Gene218	0.457075020716055	10	9	22	13	ER.A	-1
Gene219	0.703478213552965	10	10	37	22	ER.A	-1
Gene220	0.434739958870447	10	10	24	14	ER.A	-1
Gene221	0.731161615325201	10	7	20	12	ER	8.15743373037464e-05
Gene222	0.936481858093955	10	8	32	29	ER.A	-1
Gene223	0.948675738124884	10	10	29	12	ER.A	-1
Gene224	0.822268307977724	10	9	32	15	ER.A	-1
Gene225	0.604272043979246	10	9	30	21	ER.A	-1
Gene226	0.311257962631305	10	10	33	16	ER.A	-1
Gene227	0.30126982423145	10	9	19	18	ER	6.8307402701813e-07
Gene228	0.057287442206849	10	10	40	23	ER.A	-1
Gene229	0.581609255171502	10	10	35	11	ER.A	-1
Gene230	0.397919901120222	10	9	36	22	ER.A	-1
Gene231	0.256910160756763	10	9	28	19	ER.A	-1
Gene232	0.579360379160145	10	6	18	15	ER	8.2924954678947e-06
Gene233	0.39971522509568	10	10	26	10	ER.A	-1
Gene234	0.00878483231346466	10	7	16	10	ER	0.000298659006255376
Gene235	0.219255818852874	10	10	40	29	ER.A	-1
Gene236	0.639138946547438	10	9	27	19	ER.A	-1
Gene237	0.265836776250774	10	10	39	30	ER.A	-1
Gene238	0.414272262810752	10	10	40	23	ER.A	-1
Gene239	0.715892837789212	10	6	13	11	ER	0.00014959419175529
Gene240	0.679546352924491	10	10	44	14	MA	-1
Gene241	0.753641766058626	10	8	24	9	ER.A	-1
Gene242	0.321312130162387	10	9	40	33	ER.A	-1
Gene243	0.275104423479624	10	6	15	11	ER	0.000115990664485096
Gene244	0.451300215286257	10	9	19	12	ER	9.78272129121219e-05
Gene245	0.838989038361465	10	8	26	23	ER.A	-1
Gene246	0.698279380779227	10	8	33	22	ER.A	-1
Gene247	0.334842594952488	10	10	44	21	MA	-1
Gene248	0.823879896322171	10	10	29	19	ER.A	-1
Gene249	0.943076654649372	10	10	34	21	ER.A	-1
Gene250	0.174467606631396	10	9	33	29	ER.A	-1
Gene251	0.109109334197166	10	10	33	19	ER.A	-1
Gene252	0.843104252249932	10	10	37	14	ER.A	-1
Gene253	0.820126925531722	10	4	17	16	ER	3.80546257930531e-06
Gene254	0.2482621299099	10	7	28	8	ER.A	-1
Gene255	0.425204916187427	10	7	18	16	ER	3.31450740123e-06
Gene256	0.0700110472087785	10	10	33	22	ER.A	-1
Gene257	0.721992094253699	10	10	40	25	ER.A	-1
Gene258	0.58990352235022	10	7	34	24	ER.A	-1
Gene259	0.708314757131934	10	7	12	9	ER	0.000699377283972528
Gene260	0.636273473480843	10	7	29	18	ER.A	-1
Gene261	0.484792014635803	10	10	49	29	MA	-1
Gene262	0.793838251059275	10	9	29	24	ER.A	-1
Gene263	0.373300067437251	10	10	48	35	MA	-1
Gene264	0.857465285748513	10	8	39	20	ER.A	-1
Gene265	0.812648502566519	10	10	42	23	MA	-1
Gene266	0.790598263893753	10	7	20	18	ER	3.62479509962373e-07
Gene267	0.0780158751557445	10	5	24	17	ER.A	-1
Gene268	0.949896822855309	10	10	34	18	ER.A	-1
Gene269	0.458490763338578	10	10	23	21	ER.A	-1
Gene270	0.572246864293251	10	10	43	34	MA	-1
Gene271	0.90143846023116	10	7	12	12	ER	5.58243425676337e-05
Gene272	0.0317740252036225	10	9	28	17	ER.A	-1
Gene273	0.890112328544139	10	10	25	18	ER.A	-1
Gene274	0.288187051795822	10	9	35	22	ER.A	-1
Gene275	0.7635198906948	10	10	39	16	ER.A	-1
Gene276	0.00490135776947651	10	8	22	21	ER.A	-1
Gene277	0.669819101548044	10	8	30	15	ER.A	-1
Gene278	0.5180882110154	10	9	39	28	ER.A	-1
Gene279	0.806801420034573	10	9	20	16	ER	3.85541531776089e-06
Gene280	0.675677828800584	10	9	33	21	ER.A	-1
Gene281	0.573954754432523	10	9	21	15	ER.A	-1
Gene282	0.345584155182025	10	7	22	15	ER.A	-1
Gene283	0.0951220058972095	10	6	23	22	ER.A	-1
Gene284	0.760216079441426	10	6	9	6	ER	0.00594992306719389
Gene285	0.720093254249388	10	10	23	11	ER.A	-1
Gene286	0.551489231183454	10	9	38	19	ER.A	-1
Gene287	0.177340024992688	10	10	31	19	ER.A	-1
Gene288	0.578538087007008	10	9	24	13	ER.A	-1
Gene289	1	10	10	41	20	MA	-1
Gene290	0.0798155172650641	10	10	33	23	ER.A	-1
Gene291	0.291905305971505	10	6	14	8	ER	0.00176434283940874
Gene292	0.450136698886234	10	10	38	23	ER.A	-1
Gene293	0.595450677742977	10	7	16	12	ER	6.74688406190729e-05
Gene294	0.422084946067982	10	9	42	21	MA	-1
Gene295	0.342741690611544	10	10	28	16	ER.A	-1
Gene296	0.48751756165218	10	9	35	29	ER.A	-1
Gene297	0.26786449899223	10	10	37	24	ER.A	-1
Gene298	0.723203445498934	10	9	32	27	ER.A	-1
Gene299	0.764008588705288	10	7	22	18	ER.A	-1
Gene300	0.793106684851998	10	8	18	11	ER	0.000190581805090656
Gene301	0.814446990868562	10	9	29	21	ER.A	-1
Gene302	0.119737389889634	10	8	26	15	ER.A	-1
Gene303	0.250467920252448	10	4	9	7	ER	0.00334453737934199
Gene304	0.303732688994679	10	10	23	12	ER.A	-1
Gene305	0.629737997647495	10	9	44	15	MA	-1
Gene306	0.441243888888332	10	9	34	21	ER.A	-1
Gene307	0.572708068314113	10	9	22	15	ER.A	-1
Gene308	0.0586116339056853	10	7	32	20	ER.A	-1
Gene309	0.140897319354163	10	9	28	21	ER.A	-1
Gene310	0.469355017643511	10	10	33	25	ER.A	-1
Gene311	0.809015536732226	10	9	33	21	ER.A	-1
Gene312	0.396328245494429	10	10	29	19	ER.A	-1
Gene313	0.587726924903807	10	10	41	18	MA	-1
Gene314	0.390784352810741	10	8	26	24	ER.A	-1
Gene315	0.419288703163045	10	8	34	13	ER.A	-1
Gene316	0.446241313286515	10	7	21	18	ER.A	-1
Gene317	0.243243230026098	10	8	30	17	ER.A	-1
Gene318	0.479252663759201	10	10	38	20	ER.A	-1
Gene319	0.638468024639551	10	9	21	16	ER.A	-1
Gene320	0.491024781105165	10	9	19	9	ER	0.000648532082091341
Gene321	0.730048099456384	10	7	17	15	ER	3.61380276255075e-06
Gene322	0.406182540022271	10	10	36	20	ER.A	-1
Gene323	0.071068556929278	10	9	30	30	ER.A	-1
Gene324	0.0341123194799371	10	9	32	11	ER.A	-1
Gene325	0.357435778808103	10	10	37	23	ER.A	-1
Gene326	0.515025161887147	10	10	39	26	ER.A	-1
Gene327	0.702703561675987	10	10	37	19	ER.A	-1
Gene328	0.819092499697556	10	10	29	14	ER.A	-1
Gene329	0.162481092924385	10	10	40	21	ER.A	-1
Gene330	0.539395975861198	10	9	31	30	ER.A	-1
Gene331	0.390263389814508	10	10	32	21	ER.A	-1
Gene332	0.212522526873783	10	10	29	23	ER.A	-1
Gene333	0.165880108992517	10	8	39	20	ER.A	-1
Gene334	0.535648333952068	10	7	20	15	ER	8.72346412620142e-06
Gene335	0.6230213785502	10	10	44	33	MA	-1
Gene336	0.814605879290039	10	10	30	23	ER.A	-1
Gene337	0.827302439947464	10	10	45	27	MA	-1
Gene338	0.336647877735923	10	8	30	18	ER.A	-1
Gene339	0.74552992406043	10	10	24	20	ER.A	-1
Gene340	0.687973397257184	10	4	16	16	ER	2.27381767059481e-06
Gene341	0.623629741850904	10	9	30	18	ER.A	-1
Gene342	0.385262717619971	10	9	35	23	ER.A	-1
Gene343	0.0876720086603113	10	9	23	15	ER.A	-1
Gene344	0.950536900334942	10	8	32	19	ER.A	-1
Gene345	0.239059811485969	10	10	30	18	ER.A	-1
Gene346	0.997044557997148	10	9	28	22	ER.A	-1
Gene347	0.445360537562996	10	7	24	9	ER.A	-1
Gene348	0.244185750750507	10	9	19	12	ER	6.28421167755967e-05
Gene349	0.756517249488956	10	10	43	23	MA	-1
Gene350	0.496288073765837	10	10	45	30	MA	-1
Gene351	0.235145833183736	10	9	35	25	ER.A	-1
Gene352	0.297153149896085	10	5	18	17	ER	1.70969715927041e-06
Gene353	0.353495856004576	10	7	34	24	ER.A	-1
Gene354	0.533587019075303	10	7	22	17	ER.A	-1
Gene355	0.960602526558507	10	10	32	22	ER.A	-1
Gene356	0.415171741390932	10	8	21	12	ER.A	-1
Gene357	0.232770566108376	10	7	25	19	ER.A	-1
Gene358	0.929609859712634	10	8	24	9	ER.A	-1
Gene359	0.195309402594121	10	6	22	15	ER.A	-1
Gene360	0.979003112176769	10	7	21	19	ER.A	-1
Gene361	0.473895410231694	10	10	35	21	ER.A	-1
Gene362	0.901341097620744	10	10	43	26	MA	-1
Gene363	0.283056794554713	10	10	28	14	ER.A	-1
Gene364	0.494621432409959	10	10	35	20	ER.A	-1
Gene365	0.822997067709352	10	9	48	33	MA	-1
Gene366	0.0113425877774906	10	10	32	21	ER.A	-1
Gene367	0.432326303698281	10	8	26	18	ER.A	-1
Gene368	0.255067609955859	10	10	34	30	ER.A	-1
Gene369	0.0373246837621107	10	10	47	23	MA	-1
Gene370	0.41853860682952	10	6	24	16	ER.A	-1
Gene371	0.436279358289917	10	10	35	16	ER.A	-1
Gene372	0.985139166715805	10	10	31	19	ER.A	-1
Gene373	0.886545607952738	10	9	32	14	ER.A	-1
Gene374	0.589284359458024	10	10	51	29	MA	-1
Gene375	0.017739630966225	10	10	47	27	MA	-1
Gene376	0.504715340187288	10	9	28	23	ER.A	-1
Gene377	0.326263877696999	10	9	28	17	ER.A	-1
Gene378	0.181744891881297	10	10	54	17	MA	-1
Gene379	0.909313931533734	10	3	14	14	ER	9.41240644128085e-06
Gene380	0.25686998700372	10	8	21	16	ER.A	-1
Gene381	0.110656295024677	10	10	36	26	ER.A	-1
Gene382	0.738499431551538	10	9	35	27	ER.A	-1
Gene383	0.156091108147252	10	9	30	24	ER.A	-1
Gene384	0.396547579036486	10	6	22	18	ER.A	-1
Gene385	0.99132385505043	10	9	30	17	ER.A	-1
Gene386	0.611003362702737	10	8	31	27	ER.A	-1
Gene387	0.652630284311657	10	9	21	15	ER.A	-1
Gene388	0.0819293474665587	10	8	27	19	ER.A	-1
Gene389	1	10	9	46	24	MA	-1
Gene390	0.607696286262057	10	10	20	11	ER	0.0001139215918627
Gene391	0.395122367001128	10	10	45	22	MA	-1
Gene392	0.538545038771165	10	8	29	19	ER.A	-1
Gene393	0.298377477055286	10	10	43	17	MA	-1
Gene394	0.7665669451439	10	7	21	15	ER.A	-1
Gene395	0.404116630805495	10	8	33	15	ER.A	-1
Gene396	0.618063802846399	10	7	25	12	ER.A	-1
Gene397	0.986474700604348	10	5	14	11	ER	0.00014647976074744
Gene398	0.39191921564557	10	9	36	14	ER.A	-1
Gene399	0.238095563116841	10	9	26	23	ER.A	-1
Gene400	0.652575524519465	10	10	22	13	ER.A	-1
Gene401	0.192431937768876	10	9	44	20	MA	-1
Gene402	0.624548792850581	10	10	36	21	ER.A	-1
Gene403	0.728995616185825	10	5	8	6	ER	0.00614273520544796
Gene404	0.624753124877701	10	8	28	19	ER.A	-1
Gene405	0.00617427655247956	10	6	23	15	ER.A	-1
Gene406	0.647172635855022	10	10	37	22	ER.A	-1
Gene407	0.919365134036732	10	9	34	26	ER.A	-1
Gene408	0.014883229116583	10	10	39	28	ER.A	-1
Gene409	0.54907385076366	10	10	42	20	MA	-1
Gene410	0.557758026371614	10	9	29	8	ER.A	-1
Gene411	0.95668379702341	10	10	37	17	ER.A	-1
Gene412	0.181910584839525	10	10	40	17	ER.A	-1
Gene413	0.22872144672442	10	8	33	17	ER.A	-1
Gene414	0.534121798541254	10	9	38	20	ER.A	-1
Gene415	0.413093462976697	10	7	27	12	ER.A	-1
Gene416	0.534952249786631	10	8	20	9	ER	0.000452957443216312
Gene417	0.696359154735043	10	9	19	9	ER	0.000379913338836055
Gene418	0.0160133733146418	10	10	44	29	MA	-1
Gene419	0.492244637238125	10	6	11	10	ER	0.000427945993960192
Gene420	0.319804919711905	10	10	50	32	MA	-1
Gene421	0.90777679052145	10	9	37	25	ER.A	-1
Gene422	0.0958347693289474	10	10	38	21	ER.A	-1
Gene423	0.605679120334238	10	10	46	29	MA	-1
Gene424	0.905377799442118	10	6	16	12	ER	5.72621841605684e-05
Gene425	0.618198397519281	10	8	25	13	ER.A	-1
Gene426	0.502302227137707	10	8	27	18	ER.A	-1
Gene427	0.112009899384049	10	10	39	23	ER.A	-1
Gene428	0.215304036255438	10	6	31	24	ER.A	-1
Gene429	0.204776549198579	10	9	19	14	ER	1.90888129462229e-05
Gene430	0.463405853180029	10	8	18	11	ER	0.000110827072794693
Gene431	0.644745828000358	10	8	34	21	ER.A	-1
Gene432	0.206623125009615	10	8	39	29	ER.A	-1
Gene433	0.750817449296551	10	3	6	2	ER	0.105142296615283
Gene434	0.016748586028486	10	4	14	11	ER	0.000163750783290409
Gene435	0.230760920293003	10	8	24	10	ER.A	-1
Gene436	0.505137064454503	10	8	18	10	ER	0.000405603956617024
Gene437	0.548883174866152	10	6	12	11	ER	0.000166509223216367
Gene438	0.743589260711335	10	10	28	15	ER.A	-1
Gene439	0.79622968786799	10	10	40	26	ER.A	-1
Gene440	0.938860454742184	10	10	25	18	ER.A	-1
Gene441	0.534565929457333	10	8	34	22	ER.A	-1
Gene442	0.930084057830127	10	10	14	7	ER	0.00201746306013263
Gene443	0.493237630096998	10	10	33	25	ER.A	-1
Gene444	0.435846076106573	10	8	42	21	MA	-1
Gene445	1	10	10	45	27	MA	-1
Gene446	0.857220671885274	10	10	33	20	ER.A	-1
Gene447	0.678373730784269	10	8	20	15	ER	8.32346917654258e-06
Gene448	0.893864799044436	10	8	28	21	ER.A	-1
Gene449	0.792020296618022	10	6	27	11	ER.A	-1
Gene450	0.0226265205482512	10	6	17	13	ER	2.11277906623752e-05
Gene451	0.280549567630129	10	10	42	37	MA	-1
Gene452	0.726572608612465	10	9	25	20	ER.A	-1
Gene453	0.601532225019138	10	10	50	23	MA	-1
Gene454	0.821699225786385	10	4	19	19	ER	2.35015009278054e-07
Gene455	0.463223179544468	10	8	19	12	ER	8.71337150095035e-05
Gene456	0.632591975477986	10	7	17	15	ER	8.29969000430976e-06
Gene457	0.290242196289476	10	9	40	20	ER.A	-1
Gene458	0.632674664216228	10	6	18	13	ER	4.06884308507556e-05
Gene459	0.780583937996296	10	6	15	11	ER	7.31369891840317e-05
Gene460	0.70118874539663	10	8	44	33	MA	-1
Gene461	0.711187758331312	10	10	30	13	ER.A	-1
Gene462	0.108856740366423	10	10	34	18	ER.A	-1
Gene463	0.0853339400136838	10	8	25	18	ER.A	-1
Gene464	0.134945655315393	10	5	18	11	ER	0.00014122918172449
Gene465	0.00404570867518004	10	9	40	29	ER.A	-1
Gene466	0.621898625392176	10	8	34	18	ER.A	-1
Gene467	0.119791139026613	10	10	33	21	ER.A	-1
Gene468	0.954214689295995	10	10	38	24	ER.A	-1
Gene469	0.897937402549466	10	9	31	24	ER.A	-1
Gene470	0.664523375973439	10	10	52	25	MA	-1
Gene471	0.330701832104797	10	10	47	31	MA	-1
Gene472	0.584565468842347	10	10	39	26	ER.A	-1
Gene473	0.262471892060105	10	8	27	20	ER.A	-1
Gene474	0.552295132113561	10	10	36	15	ER.A	-1
Gene475	0.113632280991299	10	7	24	14	ER.A	-1
Gene476	0.796642452399023	10	9	30	20	ER.A	-1
Gene477	0.0590719453756925	10	10	48	28	MA	-1
Gene478	0.28402149238292	10	8	23	16	ER.A	-1
Gene479	0.527923325641851	10	9	34	30	ER.A	-1
Gene480	0.163563176093342	10	8	24	20	ER.A	-1
Gene481	0.241614830339679	10	8	17	8	ER	0.00110505481405072
Gene482	0.492105736048394	10	9	19	14	ER	1.23291640253026e-05
Gene483	0.753897769000372	10	10	44	28	MA	-1
Gene484	0.892418080084498	10	10	39	26	ER.A	-1
Gene485	0.931333052610147	10	6	19	15	ER	9.10404421306305e-06
Gene486	0.835761354014839	10	6	16	12	ER	6.87943479913063e-05
Gene487	0.872711889126282	10	9	37	19	ER.A	-1
Gene488	0.966320983811421	10	9	39	26	ER.A	-1
Gene489	0.91544120061027	10	7	17	12	ER	4.94847596294343e-05
Gene490	0.627763629443658	10	7	22	13	ER.A	-1
Gene491	0.717741651910585	10	8	23	20	ER.A	-1
Gene492	0.604036835364394	10	9	39	28	ER.A	-1
Gene493	0.6232287411782	10	8	33	18	ER.A	-1
Gene494	0.0533817735240359	10	6	22	17	ER.A	-1
Gene495	0.113139686129184	10	8	36	26	ER.A	-1
Gene496	0.475174678488269	10	6	14	12	ER	6.97935997146956e-05
Gene497	0.901778559475865	10	9	27	17	ER.A	-1
Gene498	0.537268762246063	10	7	28	16	ER.A	-1
Gene499	0.948686871608049	10	8	33	19	ER.A	-1
Gene500	0.0565002858398091	10	6	24	16	ER.A	-1
Gene501	0.13650621677792	10	10	33	24	ER.A	-1
Gene502	0.391036638287184	10	10	33	23	ER.A	-1
Gene503	0.304104820728583	10	9	29	12	ER.A	-1
Gene504	0.456956758253637	10	10	27	22	ER.A	-1
Gene505	0.715754572125018	10	7	29	20	ER.A	-1
Gene506	0.126277576148841	10	10	28	17	ER.A	-1
Gene507	0.531757958520763	10	6	21	17	ER.A	-1
Gene508	0.507641729809757	10	7	32	24	ER.A	-1
Gene509	0.165161174325178	10	8	26	15	ER.A	-1
Gene510	0.210949586482496	10	10	36	29	ER.A	-1
Gene511	0.144930853940094	10	10	30	20	ER.A	-1
Gene512	0.480747144159997	10	9	33	21	ER.A	-1
Gene513	0.0852247342668292	10	8	26	16	ER.A	-1
Gene514	0.389284025429807	10	7	20	13	ER	2.5334112451151e-05
Gene515	0.528111747523314	10	10	38	26	ER.A	-1
Gene516	0.921250408942924	10	10	33	20	ER.A	-1
Gene517	0.218420437605136	10	10	40	30	ER.A	-1
Gene518	0.66482319597799	10	9	29	23	ER.A	-1
Gene519	0.665713067971423	10	10	35	21	ER.A	-1
Gene520	0.708997106405246	10	8	38	31	ER.A	-1
Gene521	0.486497179283994	10	10	53	21	MA	-1
Gene522	0.765355719801707	10	10	34	24	ER.A	-1
Gene523	0.788414260792703	10	6	24	15	ER.A	-1
Gene524	0.165847776278083	10	9	34	24	ER.A	-1
Gene525	0.400608568974015	10	6	20	17	ER	1.20201771726866e-06
Gene526	0.623202166873834	10	10	38	20	ER.A	-1
Gene527	0.409050789289683	10	10	32	26	ER.A	-1
Gene528	0.809249778178345	10	8	30	17	ER.A	-1
Gene529	0.0185055593463644	10	6	23	16	ER.A	-1
Gene530	0.763978408290111	10	8	28	19	ER.A	-1
Gene531	0.827728969526864	10	3	8	8	ER	0.00159786654591339
Gene532	0.496686295648186	10	10	38	28	ER.A	-1
Gene533	0.216956951444814	10	9	20	13	ER	3.98221161698164e-05
Gene534	0.786292757307115	10	9	23	16	ER.A	-1
Gene535	0.323650983879932	10	9	23	17	ER.A	-1
Gene536	1	10	9	47	23	MA	-1
Gene537	0.541588535507079	10	9	33	26	ER.A	-1
Gene538	0.146716303608437	10	7	27	17	ER.A	-1
Gene539	0.26155148012193	10	8	27	21	ER.A	-1
Gene540	0.760239077153266	10	8	15	12	ER	8.58306570940107e-05
Gene541	0.444665347561545	10	7	24	21	ER.A	-1
Gene542	0.333090897285272	10	6	18	17	ER	1.92666377644931e-06
Gene543	0.744816534757343	10	10	34	30	ER.A	-1
Gene544	0.553622373149639	10	9	46	18	MA	-1
Gene545	0.937642414618829	10	10	36	21	ER.A	-1
Gene546	0.780633524684621	10	9	41	27	MA	-1
Gene547	0.490316928591669	10	10	32	18	ER.A	-1
Gene548	0.880612603929529	10	8	28	22	ER.A	-1
Gene549	0.10668516817927	10	9	34	23	ER.A	-1
Gene550	0.534068960544521	10	10	46	27	MA	-1
Gene551	0.152477687696877	10	9	40	23	ER.A	-1
Gene552	0.80488343363639	10	9	37	24	ER.A	-1
Gene553	0.889908987860794	10	10	44	26	MA	-1
Gene554	0.820573221987211	10	10	37	20	ER.A	-1
Gene555	0.250815070662335	10	5	22	13	ER.A	-1
Gene556	0.73879743377898	10	10	43	26	MA	-1
Gene557	0.292640784982191	10	9	38	33	ER.A	-1
Gene558	0.715420955406369	10	10	45	30	MA	-1
Gene559	0.754457638200264	10	10	34	21	ER.A	-1
Gene560	0.128643465264037	10	10	25	19	ER.A	-1
Gene561	0.879528436003983	10	7	37	24	ER.A	-1
Gene562	0.493808031916646	10	10	27	12	ER.A	-1
Gene563	0.802424575716532	10	7	31	16	ER.A	-1
Gene564	0.128068668069072	10	8	31	16	ER.A	-1
Gene565	0.483861108929517	10	6	23	20	ER.A	-1
Gene566	0.398704181867154	10	7	24	15	ER.A	-1
Gene567	0.15725252348657	10	7	32	18	ER.A	-1
Gene568	0.727429240589939	10	10	32	16	ER.A	-1
Gene569	0.864052545628775	10	8	27	21	ER.A	-1
Gene570	0.616217161852128	10	9	34	20	ER.A	-1
Gene571	0.475929379566708	10	10	32	26	ER.A	-1
Gene572	0.0972198711140202	10	7	25	14	ER.A	-1
Gene573	0.955722194456261	10	8	28	21	ER.A	-1
Gene574	0.518493171609253	10	10	38	28	ER.A	-1
Gene575	0.0400365119778939	10	9	43	26	MA	-1
Gene576	0.218230424575034	10	10	40	31	ER.A	-1
Gene577	0.0105532661001047	10	9	43	35	MA	-1
Gene578	0.641388431250234	10	5	23	15	ER.A	-1
Gene579	0.796678421377401	10	10	34	18	ER.A	-1
Gene580	0.684562741872996	10	10	47	24	MA	-1
Gene581	0.618294678330794	10	5	20	16	ER	3.33336262818681e-06
Gene582	0.154746549494945	10	9	32	22	ER.A	-1
Gene583	0.260679403095883	10	9	27	18	ER.A	-1
Gene584	0.311733361687793	10	10	39	24	ER.A	-1
Gene585	0.15318359493399	10	6	8	4	ER	0.0230559900479714
Gene586	0.597130540052979	10	9	32	18	ER.A	-1
Gene587	0.0325888290663352	10	10	49	25	MA	-1
Gene588	0.725218847964848	10	10	22	12	ER.A	-1
Gene589	0.976190526214017	10	10	30	7	ER.A	-1
Gene590	0.282837793159297	10	10	35	22	ER.A	-1
Gene591	0.633699306119803	10	9	36	27	ER.A	-1
Gene592	0.767158271941028	10	8	30	27	ER.A	-1
Gene593	0.569579856420996	10	9	20	9	ER	0.000876512874353409
Gene594	0.98062149429525	10	7	23	12	ER.A	-1
Gene595	0.105113670179266	10	8	33	14	ER.A	-1
Gene596	0.427825581735636	10	9	21	8	ER.A	-1
Gene597	0.209168154290276	10	10	35	17	ER.A	-1
Gene598	1	10	9	41	14	MA	-1
Gene599	0.0996008827340562	10	8	27	17	ER.A	-1
Gene600	0.775615164255111	10	4	10	9	ER	0.000748867673677741
Gene601	0.190251546652672	10	10	30	21	ER.A	-1
Gene602	0.0602783919418128	10	8	38	31	ER.A	-1
Gene603	0.105454323876763	10	9	37	24	ER.A	-1
Gene604	0.221931060231722	10	8	26	13	ER.A	-1
Gene605	0.0320375091873264	10	9	27	17	ER.A	-1
Gene606	0.646871936129332	10	9	35	21	ER.A	-1
Gene607	0.743768402178436	10	10	34	18	ER.A	-1
Gene608	0.0624385598311796	10	10	31	17	ER.A	-1
Gene609	0.906786560025426	10	8	23	21	ER.A	-1
Gene610	0.0423144163773446	10	9	23	20	ER.A	-1
Gene611	0.672375449915746	10	8	21	18	ER.A	-1
Gene612	0.321492633480399	10	10	35	20	ER.A	-1
Gene613	0.385462482803227	10	9	36	20	ER.A	-1
Gene614	0.723677912203473	10	6	19	14	ER	1.28905663988391e-05
Gene615	0.18317218338666	10	9	28	22	ER.A	-1
Gene616	0.106316113574773	10	10	41	24	MA	-1
Gene617	0.822222880524812	10	8	32	23	ER.A	-1
Gene618	0.820269059816085	10	5	14	10	ER	0.000229154698148551
Gene619	0.488433488785504	10	6	23	14	ER.A	-1
Gene620	0.50871904437286	10	10	47	25	MA	-1
Gene621	0.00755496331037951	10	10	40	20	ER.A	-1
Gene622	0.0685603094217633	10	7	26	25	ER.A	-1
Gene623	0.0418835577804942	10	10	41	10	MA	-1
Gene624	0.503157569796636	10	9	29	22	ER.A	-1
Gene625	0.131220444159139	10	10	36	27	ER.A	-1
Gene626	0.847711388464181	10	10	27	13	ER.A	-1
Gene627	0.917921822790887	10	7	17	9	ER	0.000476893882508083
Gene628	0.875700516125708	10	6	14	8	ER	0.0009057253717491
Gene629	0.0532627527208445	10	10	41	27	MA	-1
Gene630	0.608892318245923	10	5	25	20	ER.A	-1
Gene631	0.625342037249207	10	10	44	24	MA	-1
Gene632	0.0975986856908691	10	10	27	14	ER.A	-1
Gene633	0.101876766814638	10	10	26	13	ER.A	-1
Gene634	0.32126002968456	10	7	28	20	ER.A	-1
Gene635	0.328889810872542	10	7	35	17	ER.A	-1
Gene636	0.833598092956501	10	8	40	30	ER.A	-1
Gene637	0.604001527712063	10	10	13	3	ER	0.0497762385474707
Gene638	0.996462349245731	10	10	34	23	ER.A	-1
Gene639	0.970879281653017	10	5	13	10	ER	0.000353717973364967
Gene640	0.682954876863878	10	7	27	15	ER.A	-1
Gene641	0.481947588037888	10	8	27	12	ER.A	-1
Gene642	0.305013690198572	10	7	30	17	ER.A	-1
Gene643	0.399081695017446	10	10	38	18	ER.A	-1
Gene644	0.0369438532464403	10	10	35	20	ER.A	-1
Gene645	0.0393011586075171	10	5	21	12	ER.A	-1
Gene646	0.74664093954702	10	9	33	16	ER.A	-1
Gene647	0.297700684423098	10	9	29	23	ER.A	-1
Gene648	0.410623051646732	10	6	27	22	ER.A	-1
Gene649	0.184239529480875	10	6	9	3	ER	0.061096056831588
Gene650	0.401697688334803	10	10	33	22	ER.A	-1
Gene651	0.340674256928267	10	8	23	20	ER.A	-1
Gene652	0.829094519682117	10	10	39	13	ER.A	-1
Gene653	0.93061932360066	10	6	14	7	ER	0.00309633173127812
Gene654	0.316868277777937	10	10	47	20	MA	-1
Gene655	0.361999944083546	10	9	26	14	ER.A	-1
Gene656	0.680748788545642	10	10	27	11	ER.A	-1
Gene657	0.0781684010342046	10	9	21	16	ER.A	-1
Gene658	0.763883749762798	10	10	38	26	ER.A	-1
Gene659	0.75030605771181	10	8	31	23	ER.A	-1
Gene660	0.499481428466131	10	5	10	7	ER	0.00318583904687562
Gene661	0.110661007759274	10	8	33	11	ER.A	-1
Gene662	0.422401394880833	10	10	31	25	ER.A	-1
Gene663	0.496111691420656	10	9	30	25	ER.A	-1
Gene664	0.804600530266994	10	8	38	31	ER.A	-1
Gene665	0.0742433149566337	10	9	30	24	ER.A	-1
Gene666	0.205561945437078	10	8	33	15	ER.A	-1
Gene667	0.132706758150326	10	10	26	22	ER.A	-1
Gene668	0.388880848935741	10	6	27	17	ER.A	-1
Gene669	0.602049402774418	10	10	45	19	MA	-1
Gene670	0.456683678006695	10	9	17	13	ER	2.65667780041718e-05
Gene671	0.181240745202089	10	10	18	9	ER	0.000950066604590983
Gene672	0.661654891019655	10	8	34	15	ER.A	-1
Gene673	0.147853641570941	10	7	36	16	ER.A	-1
Gene674	0.308274991886552	10	10	18	8	ER	0.00121812392558043
Gene675	0.170626476544358	10	6	25	24	ER.A	-1
Gene676	0.241686728049853	10	8	30	25	ER.A	-1
Gene677	0.493258254963831	10	7	35	30	ER.A	-1
Gene678	0.647015238826556	10	9	40	12	ER.A	-1
Gene679	0.96093206413791	10	7	29	13	ER.A	-1
Gene680	0.818122346104892	10	9	35	27	ER.A	-1
Gene681	0.771468905016912	10	8	24	20	ER.A	-1
Gene682	0.877827666844073	10	9	27	12	ER.A	-1
Gene683	0.390436818528607	10	10	33	26	ER.A	-1
Gene684	0.295516015564279	10	10	28	15	ER.A	-1
Gene685	0.618577952793762	10	7	27	10	ER.A	-1
Gene686	0.10073747751798	10	10	23	10	ER.A	-1
Gene687	0.0532826370017783	10	6	23	17	ER.A	-1
Gene688	0.0577764589554203	10	6	21	14	ER.A	-1
Gene689	0.143873932446263	10	9	30	17	ER.A	-1
Gene690	0.206127533677663	10	7	29	15	ER.A	-1
Gene691	0.788383891869775	10	8	20	12	ER	9.84811746590642e-05
Gene692	0.973484363219772	10	7	22	17	ER.A	-1
Gene693	0.950012537748048	10	9	26	16	ER.A	-1
Gene694	0.14675926734927	10	10	29	18	ER.A	-1
Gene695	0.508520135080341	10	10	24	17	ER.A	-1
Gene696	0.244735890667568	10	10	46	23	MA	-1
Gene697	0.077642836675975	10	10	41	21	MA	-1
Gene698	0.708967117642397	10	8	26	19	ER.A	-1
Gene699	0.368538175285652	10	8	29	16	ER.A	-1
Gene700	0.0656527390297208	10	8	24	19	ER.A	-1
Gene701	0.830621468601892	10	10	39	20	ER.A	-1
Gene702	0.0726438678944532	10	5	29	23	ER.A	-1
Gene703	0.274525040772687	10	9	31	23	ER.A	-1
Gene704	0.791439061955058	10	10	26	15	ER.A	-1
Gene705	0.814106027146719	10	10	26	11	ER.A	-1
Gene706	0.487550752258586	10	9	32	12	ER.A	-1
Gene707	0.799308699367586	10	10	19	13	ER	5.42378295688665e-05
Gene708	0.827081554013015	10	9	22	14	ER.A	-1
Gene709	0.956600682864922	10	9	27	18	ER.A	-1
Gene710	0.945095825367617	10	7	16	10	ER	0.000441538065370624
Gene711	0.791116735685568	10	9	28	24	ER.A	-1
Gene712	0.330755115248326	10	10	33	29	ER.A	-1
Gene713	0.117938723709458	10	10	32	20	ER.A	-1
Gene714	0.552257842037456	10	7	14	11	ER	0.000117537535194179
Gene715	0.914188004357783	10	8	34	18	ER.A	-1
Gene716	0.349458377045357	10	9	40	23	ER.A	-1
Gene717	0.873941182120304	10	10	29	12	ER.A	-1
Gene718	0.440453717641801	10	6	27	20	ER.A	-1
Gene719	0.882882632647522	10	7	10	8	ER	0.00159275999839193
Gene720	0.218789002374954	10	6	21	15	ER.A	-1
Gene721	0.494600206800656	10	10	40	23	ER.A	-1
Gene722	0.0853999542961481	10	10	38	26	ER.A	-1
Gene723	0.0594059757757677	10	7	27	20	ER.A	-1
Gene724	0.607748134864429	10	6	14	6	ER	0.00613697638319867
Gene725	0.0362873200670434	10	8	19	17	ER	1.20224759485617e-06
Gene726	0.617004347818192	10	9	29	24	ER.A	-1
Gene727	0.384673760687709	10	8	20	12	ER	7.0867057278555e-05
Gene728	0.0366635970150429	10	10	21	8	ER.A	-1
Gene729	0.208379915534944	10	8	25	20	ER.A	-1
Gene730	0.621496336810414	10	8	24	18	ER.A	-1
Gene731	0.900951019142963	10	9	14	8	ER	0.00170974899254085
Gene732	0.349415880898908	10	10	28	17	ER.A	-1
Gene733	0.0311298415067949	10	8	26	22	ER.A	-1
Gene734	0.557177933375028	10	10	44	28	MA	-1
Gene735	0.205288254762918	10	8	12	7	ER	0.00289166231068354
Gene736	0.884805398268996	10	7	24	24	ER.A	-1
Gene737	0.667501132071541	10	8	26	15	ER.A	-1
Gene738	0.847346559373397	10	8	14	10	ER	0.000251256682048643
Gene739	0.852844658007008	10	8	24	21	ER.A	-1
Gene740	0.850483155450735	10	10	43	23	MA	-1
Gene741	0.523491579084994	10	10	55	20	MA	-1
Gene742	0.169201721679111	10	10	22	15	ER.A	-1
Gene743	0.524654942445098	10	8	31	28	ER.A	-1
Gene744	0.211549961346535	10	10	39	25	ER.A	-1
Gene745	0.259718087680742	10	7	20	17	ER	1.66004964571827e-06
Gene746	1	10	10	41	11	MA	-1
Gene747	0.23755620627536	10	10	25	18	ER.A	-1
Gene748	0.490895225059636	10	10	34	25	ER.A	-1
Gene749	0.526801622503971	10	9	44	33	MA	-1
Gene750	0.187152216805373	10	5	12	11	ER	0.000130475098803287
Gene751	0.876905292735181	10	8	25	18	ER.A	-1
Gene752	0.764957713806174	10	9	28	22	ER.A	-1
Gene753	0.80160341928617	10	8	39	15	ER.A	-1
Gene754	0.626780247349915	10	10	35	18	ER.A	-1
Gene755	0.843750151578048	10	9	25	17	ER.A	-1
Gene756	0.34648472162885	10	10	20	15	ER	6.82542812225335e-06
Gene757	0.112757046059165	10	8	25	21	ER.A	-1
Gene758	0.594784258351261	10	8	28	14	ER.A	-1
Gene759	0.197858989938639	10	7	15	10	ER	0.000398044598251065
Gene760	0.365383307593954	10	7	25	16	ER.A	-1
Gene761	0.69600606527703	10	9	28	18	ER.A	-1
Gene762	0.943049172021759	10	7	30	26	ER.A	-1
Gene763	0.435097584709476	10	9	32	20	ER.A	-1
Gene764	0.44815060047329	10	10	45	35	MA	-1
Gene765	0.283084354166296	10	8	33	21	ER.A	-1
Gene766	0.888819736635334	10	7	33	22	ER.A	-1
Gene767	0.443585161849594	10	8	33	17	ER.A	-1
Gene768	0.795735386410598	10	7	17	10	ER	0.000301321238201945
Gene769	0.369548746339035	10	10	46	27	MA	-1
Gene770	0.662872967982555	10	10	34	25	ER.A	-1
Gene771	0.491972863725018	10	10	32	23	ER.A	-1
Gene772	0.940779095691718	10	10	26	15	ER.A	-1
Gene773	0.702364025634066	10	10	44	18	MA	-1
Gene774	0.968090913478235	10	10	32	23	ER.A	-1
Gene775	0.55622547257564	10	10	45	33	MA	-1
Gene776	0.461062177095194	10	8	35	26	ER.A	-1
Gene777	0.70423686920113	10	7	24	23	ER.A	-1
Gene778	0.656581009386175	10	8	42	26	MA	-1
Gene779	0.312747597041738	10	8	39	23	ER.A	-1
Gene780	0.353301112784598	10	10	43	24	MA	-1
Gene781	0.209668172645449	10	10	27	13	ER.A	-1
Gene782	0.527636207555053	10	7	21	20	ER.A	-1
Gene783	0.434274894251017	10	8	40	27	ER.A	-1
Gene784	0.906609040065149	10	10	26	18	ER.A	-1
Gene785	0.106940287255869	10	10	44	24	MA	-1
Gene786	0.717660204343498	10	4	14	12	ER	9.35051347999445e-05
Gene787	0.554428481085733	10	7	25	18	ER.A	-1
Gene788	0.896784761332235	10	9	33	22	ER.A	-1
Gene789	0.633508981575123	10	10	36	19	ER.A	-1
Gene790	0.704796730254525	10	10	51	19	MA	-1
Gene791	0.759750855426867	10	8	24	17	ER.A	-1
Gene792	0.507957607632477	10	9	25	18	ER.A	-1
Gene793	0.772513966391062	10	10	35	30	ER.A	-1
Gene794	0.13629894553888	10	10	28	14	ER.A	-1
Gene795	0.461787484211185	10	10	38	18	ER.A	-1
Gene796	0.476154176672825	10	9	42	31	MA	-1
Gene797	0.186081965298021	10	8	16	11	ER	0.000110331133918593
Gene798	0.849936601874553	10	10	41	27	MA	-1
Gene799	0.0479935285336432	10	9	33	15	ER.A	-1
Gene800	0.156379511909204	10	10	36	20	ER.A	-1
Gene801	0.516760865082421	10	8	21	15	ER.A	-1
Gene802	0.205057265809478	10	9	33	20	ER.A	-1
Gene803	0.382852446874122	10	10	40	25	ER.A	-1
Gene804	0.255352909276172	10	10	27	16	ER.A	-1
Gene805	0.752909541957184	10	10	31	26	ER.A	-1
Gene806	0.802415544259078	10	10	15	10	ER	0.00031829093994738
Gene807	0.204067201670103	10	5	16	10	ER	0.000318762561266267
Gene808	0.68036922232965	10	8	27	20	ER.A	-1
Gene809	0.522723986417388	10	10	43	19	MA	-1
Gene810	0.77183875238677	10	10	35	31	ER.A	-1
Gene811	0.188517153788861	10	10	46	36	MA	-1
Gene812	0.532007938682416	10	10	40	10	ER.A	-1
Gene813	0.882193255094578	10	10	31	22	ER.A	-1
Gene814	0.699638611117687	10	10	34	28	ER.A	-1
Gene815	0.363165076970456	10	7	29	21	ER.A	-1
Gene816	1	10	10	41	23	MA	-1
Gene817	0.329377198667834	10	10	26	15	ER.A	-1
Gene818	0.796338886371461	10	10	24	18	ER.A	-1
Gene819	0.350031837503771	10	6	24	20	ER.A	-1
Gene820	0.399048744285521	10	10	32	23	ER.A	-1
Gene821	0.981028833541076	10	8	34	17	ER.A	-1
Gene822	0.948273824034529	10	10	27	10	ER.A	-1
Gene823	0.61773856453512	10	8	29	28	ER.A	-1
Gene824	0.739868505786644	10	10	42	27	MA	-1
Gene825	0.93280228591827	10	9	37	25	ER.A	-1
Gene826	0.624989869227213	10	4	17	13	ER	4.66443866950156e-05
Gene827	0.61728937594525	10	9	46	25	MA	-1
Gene828	0.696939087039679	10	8	32	25	ER.A	-1
Gene829	0.20149368904153	10	10	25	13	ER.A	-1
Gene830	0.722988259648159	10	10	31	21	ER.A	-1
Gene831	0.815521601743737	10	10	34	22	ER.A	-1
Gene832	0.661815825102587	10	9	28	18	ER.A	-1
Gene833	0.921080025994433	10	10	39	23	ER.A	-1
Gene834	0.121121666324528	10	10	29	16	ER.A	-1
Gene835	0.432757240849119	10	10	40	19	ER.A	-1
Gene836	0.271591504140846	10	7	29	18	ER.A	-1
Gene837	0.563705436758743	10	9	29	17	ER.A	-1
Gene838	0.68814792298179	10	10	32	11	ER.A	-1
Gene839	0.0118934690088625	10	10	45	24	MA	-1
Gene840	0.373654777946723	10	8	31	12	ER.A	-1
Gene841	0.28383074482426	10	9	41	29	MA	-1
Gene842	0.705870180819102	10	10	21	14	ER.A	-1
Gene843	0.615280588798883	10	10	36	30	ER.A	-1
Gene844	0.0845509605854361	10	10	26	18	ER.A	-1
Gene845	0.200190822388343	10	7	11	8	ER	0.00129828809014418
Gene846	0.888493864580048	10	10	51	30	MA	-1
Gene847	0.713709679615023	10	10	42	17	MA	-1
Gene848	0.101005680277331	10	9	21	14	ER.A	-1
Gene849	0.463502033899949	10	8	27	19	ER.A	-1
Gene850	0.401906769455327	10	10	43	31	MA	-1
Gene851	0.217170627038655	10	9	30	17	ER.A	-1
Gene852	0.0993449368508373	10	10	37	31	ER.A	-1
Gene853	0.206105868959896	10	9	41	24	MA	-1
Gene854	0.46995679441725	10	8	40	29	ER.A	-1
Gene855	0.991645475959537	10	10	25	15	ER.A	-1
Gene856	0.644865217055672	10	10	19	15	ER	5.92387184942148e-06
Gene857	0.742685385195308	10	8	24	19	ER.A	-1
Gene858	0.131189461588967	10	9	39	17	ER.A	-1
Gene859	0.386687656285911	10	10	48	17	MA	-1
Gene860	0.642179253060073	10	9	31	20	ER.A	-1
Gene861	0.494737567340106	10	6	23	15	ER.A	-1
Gene862	0.0395128996763138	10	9	25	17	ER.A	-1
Gene863	0.490581383501197	10	7	31	18	ER.A	-1
Gene864	0.144541135487127	10	7	29	24	ER.A	-1
Gene865	0.443627969331112	10	10	38	27	ER.A	-1
Gene866	0.315503212903168	10	9	35	28	ER.A	-1
Gene867	0.953868026260921	10	10	29	23	ER.A	-1
Gene868	0.799614323103374	10	10	47	28	MA	-1
Gene869	0.170243970655723	10	10	38	23	ER.A	-1
Gene870	0.123986219758658	10	8	32	18	ER.A	-1
Gene871	0.157079307663755	10	8	21	21	ER.A	-1
Gene872	0.286113890329311	10	9	35	25	ER.A	-1
Gene873	0.889405510706193	10	9	31	23	ER.A	-1
Gene874	0.903577563882901	10	10	18	13	ER	1.50486678118925e-05
Gene875	0.434062014446754	10	10	29	16	ER.A	-1
Gene876	0.373416965797173	10	8	30	26	ER.A	-1
Gene877	0.0988360995236294	10	10	45	20	MA	-1
Gene878	0.495755011786337	10	7	35	29	ER.A	-1
Gene879	0.283783636926959	10	10	36	28	ER.A	-1
Gene880	0.386131155654693	10	10	37	22	ER.A	-1
Gene881	1	10	10	52	36	MA	-1
Gene882	0.0256442356450857	10	8	26	20	ER.A	-1
Gene883	0.846525276149652	10	9	47	29	MA	-1
Gene884	0.111180843985424	10	9	32	25	ER.A	-1
Gene885	0.301768080645821	10	10	39	22	ER.A	-1
Gene886	0.706998779191477	10	7	32	23	ER.A	-1
Gene887	0.412654763144421	10	10	32	9	ER.A	-1
Gene888	0.619921902412187	10	10	19	11	ER	0.000148285596858436
Gene889	0.980439360159918	10	9	39	23	ER.A	-1
Gene890	0.80924121652706	10	6	16	9	ER	0.000475943980566187
Gene891	0.864391893610238	10	9	21	14	ER.A	-1
Gene892	0.982426252867747	10	5	16	9	ER	0.000700412424784054
Gene893	0.131067773114574	10	9	31	21	ER.A	-1
Gene894	0.801048014514357	10	9	36	14	ER.A	-1
Gene895	0.527287378739589	10	10	40	28	ER.A	-1
Gene896	0.773606886324033	10	10	28	15	ER.A	-1
Gene897	0.725162472748073	10	9	38	18	ER.A	-1
Gene898	0.127865891478671	10	6	19	14	ER	1.27370909919321e-05
Gene899	0.68176227220242	10	10	34	22	ER.A	-1
Gene900	0.0469256395029603	10	8	27	23	ER.A	-1
Gene901	0.284928546541237	10	10	39	26	ER.A	-1
Gene902	0.625234010317783	10	10	40	23	ER.A	-1
Gene903	0.196889824678774	10	10	37	27	ER.A	-1
Gene904	0.0915827684953662	10	7	10	4	ER	0.0312160746221922
Gene905	0.817453419023235	10	10	40	18	ER.A	-1
Gene906	0.471511277249981	10	10	27	8	ER.A	-1
Gene907	0.0644829699284704	10	8	31	18	ER.A	-1
Gene908	0.843874252235124	10	9	29	19	ER.A	-1
Gene909	1	10	10	45	32	MA	-1
Gene910	0.883388407715325	10	8	18	12	ER	4.76754641818869e-05
Gene911	0.444127777605863	10	10	46	31	MA	-1
Gene912	0.919063586364541	10	9	36	17	ER.A	-1
Gene913	0.343422789235686	10	8	19	18	ER	8.03229339163514e-07
Gene914	0.724212027028149	10	8	31	21	ER.A	-1
Gene915	0.109424854155665	10	8	20	15	ER	6.14498932763971e-06
Gene916	0.596412044519765	10	10	32	17	ER.A	-1
Gene917	0.0771841905572005	10	10	24	11	ER.A	-1
Gene918	0.0319741008663915	10	9	30	17	ER.A	-1
Gene919	0.189836057762023	10	8	21	16	ER.A	-1
Gene920	0.0108955916390504	10	10	53	25	MA	-1
Gene921	0.908843321977193	10	7	21	10	ER.A	-1
Gene922	0.955234851760273	10	10	35	22	ER.A	-1
Gene923	0.595533924196463	10	10	13	7	ER	0.00316918327005185
Gene924	0.402057928919253	10	6	26	24	ER.A	-1
Gene925	0.48356294858844	10	10	26	19	ER.A	-1
Gene926	0.293958317275517	10	8	18	15	ER	7.54181357457319e-06
Gene927	0.35373322544882	10	9	26	15	ER.A	-1
Gene928	0.248384369734767	10	10	31	13	ER.A	-1
Gene929	0.0168719408244624	10	6	17	12	ER	8.98924456479842e-05
Gene930	0.64279660669665	10	10	41	24	MA	-1
Gene931	0.31205196516653	10	10	29	15	ER.A	-1
Gene932	0.740688933743682	10	9	26	19	ER.A	-1
Gene933	0.343020479062058	10	9	26	17	ER.A	-1
Gene934	0.834867267440968	10	9	31	26	ER.A	-1
Gene935	0.88314888938231	10	10	39	15	ER.A	-1
Gene936	0.317244834967625	10	10	39	24	ER.A	-1
Gene937	0.713212275116419	10	7	32	21	ER.A	-1
Gene938	0.261482673106162	10	10	39	21	ER.A	-1
Gene939	0.779690080077078	10	7	16	8	ER	0.000686233088940512
Gene940	0.880773881774727	10	9	49	30	MA	-1
Gene941	0.396600169931236	10	10	30	23	ER.A	-1
Gene942	0.110797657422363	10	9	29	18	ER.A	-1
Gene943	0.426844494781621	10	10	33	16	ER.A	-1
Gene944	0.124434568645677	10	10	45	28	MA	-1
Gene945	0.258259819714875	10	9	43	31	MA	-1
Gene946	0.0735200087158007	10	10	47	35	MA	-1
Gene947	0.800949862398155	10	9	36	20	ER.A	-1
Gene948	0.177040882804184	10	9	25	16	ER.A	-1
Gene949	0.318758279418149	10	7	27	11	ER.A	-1
Gene950	0.865047314887019	10	10	42	20	MA	-1
Gene951	0.13093426127749	10	7	27	11	ER.A	-1
Gene952	0.180098962662624	10	10	31	20	ER.A	-1
Gene953	0.523022055647755	10	10	41	26	MA	-1
Gene954	0.520755677284921	10	7	26	12	ER.A	-1
Gene955	0.435197026744413	10	3	13	8	ER	0.001038723749161
Gene956	0.448161082621604	10	9	13	5	ER	0.00919661340250139
Gene957	0.982578812450103	10	10	38	23	ER.A	-1
Gene958	0.61668476157887	10	10	34	30	ER.A	-1
Gene959	0.92887520182287	10	10	23	12	ER.A	-1
Gene960	0.762158427280913	10	7	23	17	ER.A	-1
Gene961	0.395195644990033	10	10	21	13	ER.A	-1
Gene962	0.323003678296532	10	10	31	18	ER.A	-1
Gene963	0.485455609738455	10	10	25	9	ER.A	-1
Gene964	0.532441643197037	10	10	30	19	ER.A	-1
Gene965	0.732771643935138	10	10	43	28	MA	-1
Gene966	0.390119752395449	10	7	35	29	ER.A	-1
Gene967	0.788770973441972	10	9	33	14	ER.A	-1
Gene968	0.0185652729997302	10	8	27	19	ER.A	-1
Gene969	0.125320380896828	10	10	50	29	MA	-1
Gene970	0.260777058058543	10	7	18	17	ER	1.55945427601976e-06
Gene971	0.906615235734215	10	6	13	12	ER	6.4688452667103e-05
Gene972	0.230496706049785	10	8	27	14	ER.A	-1
Gene973	0.468702816722807	10	8	35	29	ER.A	-1
Gene974	0.573921560950194	10	10	31	19	ER.A	-1
Gene975	0.347093140218772	10	10	36	22	ER.A	-1
Gene976	0.736069202174817	10	6	28	23	ER.A	-1
Gene977	0.777752908020671	10	5	24	14	ER.A	-1
Gene978	0.535931677544949	10	9	42	22	MA	-1
Gene979	1	10	10	42	32	MA	-1
Gene980	0.581940041122259	10	10	17	10	ER	0.00048988966278179
Gene981	0.538801410998868	10	10	38	15	ER.A	-1
Gene982	0.440159447106913	10	8	32	19	ER.A	-1
Gene983	0.582847765057265	10	9	34	26	ER.A	-1
Gene984	0.382518227948514	10	8	38	33	ER.A	-1
Gene985	0.0741116248423277	10	8	16	11	ER	0.000187292178876093
Gene986	0.280966633994591	10	10	35	22	ER.A	-1
Gene987	0.466761987174531	10	9	29	24	ER.A	-1
Gene988	0.859994272619906	10	8	24	20	ER.A	-1
Gene989	0.438848757220215	10	10	21	12	ER.A	-1
Gene990	0.0431098413491732	10	10	44	25	MA	-1
Gene991	0.84694642097097	10	10	33	21	ER.A	-1
Gene992	0.0291833260857311	10	5	16	8	ER	0.00150447845547173
Gene993	0.552911494717539	10	10	37	24	ER.A	-1
Gene994	0.0396253652420034	10	9	32	15	ER.A	-1
Gene995	0.358693078415721	10	8	44	25	MA	-1
Gene996	0.294028818265471	10	8	37	31	ER.A	-1
Gene997	0.298349011123233	10	8	23	14	ER.A	-1
Gene998	0.812997726474636	10	9	26	15	ER.A	-1
Gene999	0.442874555252441	10	10	46	25	MA	-1
Gene1000	0.568392411623319	10	7	29	25	ER.A	-1
Gene1001	0.833827302121726	10	10	31	16	ER.A	-1
Gene1002	0.265483632104515	10	10	39	15	ER.A	-1
Gene1003	0.535092391839937	10	8	38	24	ER.A	-1
Gene1004	0.181808272423787	10	8	32	15	ER.A	-1
Gene1005	0.941475742194506	10	10	34	30	ER.A	-1
Gene1006	0.268875933940896	10	8	22	19	ER.A	-1
Gene1007	0.577757757877128	10	9	29	16	ER.A	-1
Gene1008	0.0911446877872757	10	10	44	36	MA	-1
Gene1009	0.762314376074147	10	8	32	24	ER.A	-1
Gene1010	0.579388243911129	10	9	31	18	ER.A	-1
Gene1011	0.82560996931344	10	10	28	10	ER.A	-1
Gene1012	0.249091580504996	10	7	20	17	ER	1.34970257167414e-06
Gene1013	0.564963684809466	10	9	24	14	ER.A	-1
Gene1014	0.962901356005985	10	10	26	14	ER.A	-1
Gene1015	0.535680003729829	10	5	19	16	ER	2.93968275524146e-06
Gene1016	0.931358544161697	10	5	16	10	ER	0.000351761433593562
Gene1017	0.816545661687008	10	10	29	18	ER.A	-1
Gene1018	0.940833240279623	10	9	26	15	ER.A	-1
Gene1019	0.573402581303655	10	5	19	16	ER	2.96413202606474e-06
Gene1020	0.402854832114231	10	8	30	23	ER.A	-1
Gene1021	0.240135970607766	10	10	42	21	MA	-1
Gene1022	0.257327347939418	10	10	35	21	ER.A	-1
Gene1023	0.440851738047704	10	8	27	18	ER.A	-1
Gene1024	0.199020645186648	10	10	27	19	ER.A	-1
Gene1025	0.131715145986972	10	10	37	25	ER.A	-1
Gene1026	0.0836053056187266	10	9	26	24	ER.A	-1
Gene1027	0.171285989712793	10	7	25	20	ER.A	-1
Gene1028	0.623664462347552	10	10	38	18	ER.A	-1
Gene1029	0.784248366346048	10	9	30	16	ER.A	-1
Gene1030	0.176218487918214	10	10	28	18	ER.A	-1
Gene1031	0.457506458652619	10	10	37	19	ER.A	-1
Gene1032	0.351276102683955	10	10	29	27	ER.A	-1
Gene1033	0.487177479865328	10	10	26	23	ER.A	-1
Gene1034	0.79643472390591	10	4	13	7	ER	0.00267425087048625
Gene1035	0.362957298761838	10	8	19	15	ER	6.37651521200017e-06
Gene1036	0.828612842295881	10	9	34	18	ER.A	-1
Gene1037	0.300534960867097	10	7	18	9	ER	0.000599846937386915
Gene1038	0.572659345486571	10	8	37	18	ER.A	-1
Gene1039	0.240544815512347	10	9	24	16	ER.A	-1
Gene1040	0.615604593026609	10	8	28	22	ER.A	-1
Gene1041	0.599212730134218	10	10	39	26	ER.A	-1
Gene1042	0.660454013235357	10	9	39	14	ER.A	-1
Gene1043	0.803479111936313	10	10	36	25	ER.A	-1
Gene1044	0.644317663052632	10	10	35	16	ER.A	-1
Gene1045	0.238352113115629	10	10	36	18	ER.A	-1
Gene1046	0.756859262770076	10	10	33	15	ER.A	-1
Gene1047	0.34344241520331	10	10	30	17	ER.A	-1
Gene1048	0.199298494695626	10	6	19	14	ER	1.9348504118038e-05
Gene1049	0.946457894574786	10	8	35	17	ER.A	-1
Gene1050	0.826892449249105	10	4	6	5	ER	0.010488430374711
Gene1051	0.255622628853818	10	9	23	15	ER.A	-1
Gene1052	0.428655267851206	10	5	13	9	ER	0.000993164198166653
Gene1053	0.926543289498363	10	6	27	16	ER.A	-1
Gene1054	0.742603673669313	10	1	1	1	ER	0.242603673669313
Gene1055	0.409460243605825	10	9	37	18	ER.A	-1
Gene1056	0.944926408888276	10	9	34	25	ER.A	-1
Gene1057	0.458622796471302	10	9	34	23	ER.A	-1
Gene1058	0.678542504319777	10	7	32	21	ER.A	-1
Gene1059	0.427815290427695	10	7	19	11	ER	0.000135647490832118
Gene1060	0.344701461639981	10	10	49	36	MA	-1
Gene1061	0.566212053385428	10	10	44	25	MA	-1
Gene1062	0.242107713999604	10	10	32	21	ER.A	-1
Gene1063	0.105256142444966	10	9	27	22	ER.A	-1
Gene1064	0.172251384610164	10	6	24	17	ER.A	-1
Gene1065	0.615159541053619	10	9	35	24	ER.A	-1
Gene1066	0.24905706178136	10	8	33	29	ER.A	-1
Gene1067	0.181429085434453	10	6	20	13	ER	2.74884182412147e-05
Gene1068	0.811262663778067	10	10	39	24	ER.A	-1
Gene1069	0.140906644753814	10	10	35	12	ER.A	-1
Gene1070	0.425793203856455	10	9	29	16	ER.A	-1
Gene1071	0.586849254511189	10	10	41	28	MA	-1
Gene1072	0.518241578573596	10	9	11	4	ER	0.0239869767486044
Gene1073	0.0218344106383961	10	10	44	22	MA	-1
Gene1074	0.0241991004733625	10	10	30	17	ER.A	-1
Gene1075	0.107678808598916	10	8	38	31	ER.A	-1
Gene1076	0.3772083383763	10	8	16	6	ER	0.00483728088187902
Gene1077	0.230330487454556	10	9	39	34	ER.A	-1
Gene1078	0.585736820439673	10	9	31	11	ER.A	-1
Gene1079	0.290674292175722	10	9	47	33	MA	-1
Gene1080	0.549197586014183	10	9	37	18	ER.A	-1
Gene1081	0.902604931742613	10	10	43	33	MA	-1
Gene1082	0.802561821054801	10	10	26	15	ER.A	-1
Gene1083	0.825975018124493	10	10	43	22	MA	-1
Gene1084	0.360434338542427	10	8	31	22	ER.A	-1
Gene1085	0.452204055909599	10	10	41	25	MA	-1
Gene1086	0.183471792722086	10	10	22	17	ER.A	-1
Gene1087	0.211518324902909	10	10	37	15	ER.A	-1
Gene1088	0.660763974968375	10	8	30	20	ER.A	-1
Gene1089	0.512024385774425	10	9	27	19	ER.A	-1
Gene1090	0.258668932037166	10	9	30	17	ER.A	-1
Gene1091	0.841965031095066	10	10	45	31	MA	-1
Gene1092	0.706122013263569	10	10	36	25	ER.A	-1
Gene1093	0.641619951318377	10	9	29	17	ER.A	-1
Gene1094	0.0663889917042337	10	9	27	16	ER.A	-1
Gene1095	0.935398588231953	10	10	38	23	ER.A	-1
Gene1096	0.200176343554823	10	10	46	24	MA	-1
Gene1097	0.0892366617634161	10	9	31	22	ER.A	-1
Gene1098	0.147272867959877	10	9	37	16	ER.A	-1
Gene1099	0.563138948983236	10	8	25	18	ER.A	-1
Gene1100	0.0414792977172799	10	8	36	27	ER.A	-1
Gene1101	0.564633752604087	10	10	39	31	ER.A	-1
Gene1102	0.757942381622513	10	10	36	25	ER.A	-1
Gene1103	0.834423546246251	10	10	36	25	ER.A	-1
Gene1104	0.563507968052596	10	10	46	31	MA	-1
Gene1105	0.349048290581391	10	10	45	31	MA	-1
Gene1106	0.0558839691178603	10	10	41	32	MA	-1
Gene1107	0.268302328291814	10	7	27	20	ER.A	-1
Gene1108	0.148843346073715	10	10	40	23	ER.A	-1
Gene1109	0.0352538484114327	10	9	39	24	ER.A	-1
Gene1110	0.609273211406177	10	9	33	23	ER.A	-1
Gene1111	0.979444754403083	10	9	27	17	ER.A	-1
Gene1112	0.588036563622087	10	9	37	26	ER.A	-1
Gene1113	0.371229073486323	10	8	20	16	ER	2.47877515373919e-06
Gene1114	0.127525716174168	10	10	34	24	ER.A	-1
Gene1115	0.324413117241865	10	4	9	9	ER	0.000812454384900878
Gene1116	0.455741124394415	10	10	26	16	ER.A	-1
Gene1117	0.102115192701785	10	2	6	6	ER	0.00622382997528328
Gene1118	0.635582439888782	10	7	33	13	ER.A	-1
Gene1119	0.953477474104233	10	6	12	8	ER	0.00203153569408947
Gene1120	0.0309581623452279	10	6	18	16	ER	4.04322544391631e-06
Gene1121	0.436535049891855	10	9	41	23	MA	-1
Gene1122	0.664836297389348	10	10	23	12	ER.A	-1
Gene1123	0.857055208444124	10	8	26	19	ER.A	-1
Gene1124	0.463007799975347	10	10	40	20	ER.A	-1
Gene1125	0.674963594126362	10	7	35	24	ER.A	-1
Gene1126	0.894225291032335	10	8	23	13	ER.A	-1
Gene1127	0.705637953780597	10	8	32	27	ER.A	-1
Gene1128	0.844655157449768	10	10	26	22	ER.A	-1
Gene1129	0.450735059481071	10	8	25	23	ER.A	-1
Gene1130	0.489989888347161	10	9	41	31	MA	-1
Gene1131	0.328903212419697	10	9	31	21	ER.A	-1
Gene1132	0.609267459129337	10	8	22	12	ER.A	-1
Gene1133	0.900729077057409	10	8	27	12	ER.A	-1
Gene1134	0.280734807591015	10	7	27	17	ER.A	-1
Gene1135	0.59928498378107	10	10	42	31	MA	-1
Gene1136	0.154470414106001	10	10	28	17	ER.A	-1
Gene1137	0.292650417833741	10	9	32	27	ER.A	-1
Gene1138	0.382425292692601	10	9	38	22	ER.A	-1
Gene1139	0.502413756509478	10	10	38	12	ER.A	-1
Gene1140	0.0847991720774079	10	10	33	10	ER.A	-1
Gene1141	0.971165050416773	10	9	29	18	ER.A	-1
Gene1142	0.315391937934854	10	10	28	14	ER.A	-1
Gene1143	0.0805039758129714	10	6	30	18	ER.A	-1
Gene1144	0.346844006406121	10	9	40	19	ER.A	-1
Gene1145	0.900385610517752	10	10	28	19	ER.A	-1
Gene1146	0.59239958859791	10	4	20	20	ER	1.15819556104685e-07
Gene1147	0.661610129265282	10	9	32	29	ER.A	-1
Gene1148	0.595587891451931	10	9	32	16	ER.A	-1
Gene1149	0.554471405821592	10	10	30	17	ER.A	-1
Gene1150	0.165477036891769	10	9	26	18	ER.A	-1
Gene1151	0.780902918384659	10	10	41	26	MA	-1
Gene1152	0.382254915766113	10	6	16	13	ER	3.27270015387395e-05
Gene1153	0.557786375408257	10	4	18	12	ER	6.58888180883891e-05
Gene1154	0.414743756901597	10	6	25	15	ER.A	-1
Gene1155	0.931470375825925	10	6	23	21	ER.A	-1
Gene1156	0.00553771849815149	10	10	34	21	ER.A	-1
Gene1157	0.868259242532024	10	8	25	14	ER.A	-1
Gene1158	0.518880623914616	10	10	48	26	MA	-1
Gene1159	0.115722180680889	10	10	29	13	ER.A	-1
Gene1160	0.0190426107637983	10	9	41	15	MA	-1
Gene1161	0.012720445712951	10	8	24	17	ER.A	-1
Gene1162	0.427534266200033	10	9	32	22	ER.A	-1
Gene1163	0.692233201951752	10	5	25	20	ER.A	-1
Gene1164	0.411213915730478	10	8	28	12	ER.A	-1
Gene1165	0.783076795719711	10	7	26	26	ER.A	-1
Gene1166	0.269995302171023	10	10	31	20	ER.A	-1
Gene1167	0.278987002167577	10	7	27	27	ER.A	-1
Gene1168	0.815912684841298	10	5	26	20	ER.A	-1
Gene1169	0.328534850770834	10	10	30	20	ER.A	-1
Gene1170	0.426160713031477	10	8	25	16	ER.A	-1
Gene1171	0.673543252405218	10	10	38	21	ER.A	-1
Gene1172	0.0317604899624255	10	9	33	19	ER.A	-1
Gene1173	0.666031067107405	10	10	48	28	MA	-1
Gene1174	0.857770470481387	10	10	42	28	MA	-1
Gene1175	0.493146448970717	10	10	30	21	ER.A	-1
Gene1176	0.621654691452368	10	10	29	18	ER.A	-1
Gene1177	0.454272160564422	10	10	32	18	ER.A	-1
Gene1178	0.721592418439769	10	10	27	18	ER.A	-1
Gene1179	0.381352280864519	10	9	31	17	ER.A	-1
Gene1180	0.176134602838912	10	9	40	28	ER.A	-1
Gene1181	0.470620700614142	10	7	29	23	ER.A	-1
Gene1182	0.415518158121942	10	10	29	12	ER.A	-1
Gene1183	0.648816767689348	10	9	27	20	ER.A	-1
Gene1184	0.554875250315054	10	10	26	13	ER.A	-1
Gene1185	0.454918199286818	10	7	15	9	ER	0.000611064344121782
Gene1186	0.410228497750627	10	9	32	17	ER.A	-1
Gene1187	0.434958431684233	10	10	34	29	ER.A	-1
Gene1188	0.591598390617805	10	8	32	20	ER.A	-1
Gene1189	0.600634618005098	10	9	38	21	ER.A	-1
Gene1190	0.349501973991491	10	7	31	19	ER.A	-1
Gene1191	0.118843470855051	10	8	29	13	ER.A	-1
Gene1192	0.803801173214027	10	6	27	23	ER.A	-1
Gene1193	0.656628116171338	10	6	21	10	ER.A	-1
Gene1194	0.119716961188141	10	8	38	24	ER.A	-1
Gene1195	0.924393823641555	10	8	20	16	ER	3.39807732458958e-06
Gene1196	0.022916641622987	10	9	26	22	ER.A	-1
Gene1197	0.605389435354052	10	6	16	16	ER	3.29318760056808e-06
Gene1198	0.678006899771574	10	9	40	27	ER.A	-1
Gene1199	0.756933155924874	10	7	26	16	ER.A	-1
Gene1200	0.770231917406285	10	10	42	18	MA	-1
Gene1201	0.153024161181798	10	9	36	24	ER.A	-1
Gene1202	0.634913503088704	10	9	16	10	ER	0.000369634813762949
Gene1203	0.831360639801535	10	7	23	22	ER.A	-1
Gene1204	0.158030553560008	10	9	37	29	ER.A	-1
Gene1205	0.135321283907658	10	8	34	19	ER.A	-1
Gene1206	0.125358074770767	10	9	27	25	ER.A	-1
Gene1207	0.964861503467764	10	9	32	18	ER.A	-1
Gene1208	0.953822972791907	10	10	37	17	ER.A	-1
Gene1209	0.0245873497954014	10	9	36	13	ER.A	-1
Gene1210	0.589484838472106	10	10	43	38	MA	-1
Gene1211	0.414950175359508	10	10	22	12	ER.A	-1
Gene1212	0.362827909535922	10	9	26	20	ER.A	-1
Gene1213	0.864678859581081	10	6	16	14	ER	1.11252690280838e-05
Gene1214	0.363004967836019	10	9	25	16	ER.A	-1
Gene1215	0.306933393857541	10	7	21	13	ER.A	-1
Gene1216	0.921570967331914	10	6	14	11	ER	0.000161989265342034
Gene1217	0.268623812133223	10	7	34	22	ER.A	-1
Gene1218	0.16747840282549	10	8	35	24	ER.A	-1
Gene1219	0.656418077535531	10	7	20	16	ER	1.29393229953495e-06
Gene1220	0.694460539518864	10	10	27	21	ER.A	-1
Gene1221	0.917684306275716	10	8	28	12	ER.A	-1
Gene1222	0.549544176720108	10	10	28	22	ER.A	-1
Gene1223	0.784487750946428	10	6	10	6	ER	0.00696908750081702
Gene1224	0.246316987708386	10	6	20	13	ER	2.74040474707289e-05
Gene1225	0.694806697223294	10	10	39	13	ER.A	-1
Gene1226	0.685149037323657	10	10	46	26	MA	-1
Gene1227	0.0737686067635048	10	10	21	14	ER.A	-1
Gene1228	0.434889309459906	10	9	32	23	ER.A	-1
Gene1229	0.690837748374567	10	9	25	13	ER.A	-1
Gene1230	0.350175157070884	10	10	33	15	ER.A	-1
Gene1231	0.60456512191398	10	9	33	20	ER.A	-1
Gene1232	0.45765499818245	10	6	21	14	ER.A	-1
Gene1233	0.665998908871063	10	5	14	12	ER	6.30451119276708e-05
Gene1234	0.33861749305694	10	10	28	16	ER.A	-1
Gene1235	0.151316922720968	10	10	28	23	ER.A	-1
Gene1236	0.977130263597916	10	8	37	20	ER.A	-1
Gene1237	0.163063758365507	10	6	26	18	ER.A	-1
Gene1238	0.27474990598033	10	10	29	22	ER.A	-1
Gene1239	0.774942269147701	10	10	27	16	ER.A	-1
Gene1240	0.696109413350967	10	7	27	17	ER.A	-1
Gene1241	0.557120482239034	10	7	29	17	ER.A	-1
Gene1242	0.221380974645531	10	9	26	19	ER.A	-1
Gene1243	0.759765573968928	10	5	19	13	ER	3.41509254358565e-05
Gene1244	0.665802572642626	10	10	30	18	ER.A	-1
Gene1245	0.777300418597708	10	8	15	10	ER	0.000331836309488264
Gene1246	0.140348228980207	10	8	27	20	ER.A	-1
Gene1247	0.506947415164707	10	7	28	14	ER.A	-1
Gene1248	0.0347039857097491	10	10	26	11	ER.A	-1
Gene1249	0.74774006664802	10	9	24	17	ER.A	-1
Gene1250	0.890921236055283	10	7	20	15	ER	7.17258532616765e-06
Gene1251	0.796856981223564	10	9	44	27	MA	-1
Gene1252	0.499038696586658	10	10	38	31	ER.A	-1
Gene1253	0.365097918789527	10	7	23	5	ER.A	-1
Gene1254	0.537481425042902	10	10	26	16	ER.A	-1
Gene1255	0.583668076561631	10	9	21	12	ER.A	-1
Gene1256	0.770400100531615	10	5	21	12	ER.A	-1
Gene1257	0.352782988701673	10	8	18	14	ER	1.21807346856499e-05
Gene1258	0.816097652482011	10	10	27	16	ER.A	-1
Gene1259	0.852802121852132	10	9	32	16	ER.A	-1
Gene1260	0.115347147877652	10	10	37	29	ER.A	-1
Gene1261	0.427252576749187	10	7	23	7	ER.A	-1
Gene1262	0.54122771078811	10	7	15	12	ER	3.21038605890862e-05
Gene1263	0.478663176969163	10	9	27	21	ER.A	-1
Gene1264	0.021126674323241	10	9	33	24	ER.A	-1
Gene1265	0.976910513287407	10	8	36	15	ER.A	-1
Gene1266	0.165159315550762	10	10	25	18	ER.A	-1
Gene1267	0.232817898037281	10	8	30	24	ER.A	-1
Gene1268	0.737623225694183	10	8	24	19	ER.A	-1
Gene1269	0.479517400662236	10	7	38	12	ER.A	-1
Gene1270	0.832200707802282	10	9	33	26	ER.A	-1
Gene1271	0.0422167992862593	10	7	30	19	ER.A	-1
Gene1272	0.779057270839502	10	8	26	18	ER.A	-1
Gene1273	0.72570247221123	10	9	36	17	ER.A	-1
Gene1274	0.450294331456566	10	10	45	29	MA	-1
Gene1275	0.712020341082615	10	10	31	20	ER.A	-1
Gene1276	0.188067732752422	10	10	39	25	ER.A	-1
Gene1277	0.886867589814257	10	10	30	24	ER.A	-1
Gene1278	0.275593972543799	10	10	38	22	ER.A	-1
Gene1279	0.675702217809596	10	10	27	14	ER.A	-1
Gene1280	0.0567912503629509	10	8	20	13	ER	3.67906270954228e-05
Gene1281	0.786744203073496	10	10	44	28	MA	-1
Gene1282	0.00814745036477222	10	10	33	13	ER.A	-1
Gene1283	0.351950605736885	10	9	34	15	ER.A	-1
Gene1284	0.104216303681109	10	8	34	26	ER.A	-1
Gene1285	0.0593561065125621	10	6	25	19	ER.A	-1
Gene1286	0.512998256646709	10	8	23	17	ER.A	-1
Gene1287	0.575490404071721	10	10	42	33	MA	-1
Gene1288	0.626466316113945	10	7	18	12	ER	7.85613634316467e-05
Gene1289	0.0406677006273264	10	10	43	16	MA	-1
Gene1290	0.0492248073754293	10	7	33	21	ER.A	-1
Gene1291	0.807921116871295	10	7	20	18	ER	8.38612361543962e-07
Gene1292	0.819075873518456	10	10	37	23	ER.A	-1
Gene1293	0.599602150911994	10	9	25	17	ER.A	-1
Gene1294	0.217339681326903	10	10	32	17	ER.A	-1
Gene1295	0.598043031599581	10	9	50	38	MA	-1
Gene1296	0.89583770123148	10	10	47	38	MA	-1
Gene1297	0.604059952117309	10	10	38	25	ER.A	-1
Gene1298	0.175120468059281	10	5	18	16	ER	4.78024675382861e-06
Gene1299	0.0861449908185272	10	5	7	4	ER	0.0232741166898347
Gene1300	0.222952243782401	10	9	18	12	ER	6.76514753964017e-05
Gene1301	0.6207552686556	10	9	37	30	ER.A	-1
Gene1302	0.451485017956167	10	10	53	24	MA	-1
Gene1303	0.968597992449995	10	10	32	20	ER.A	-1
Gene1304	0.798934475406204	10	8	17	10	ER	0.000377556033407371
Gene1305	0.90016655349349	10	10	28	23	ER.A	-1
Gene1306	0.16577107022651	10	10	41	21	MA	-1
Gene1307	0.939646855359623	10	6	30	24	ER.A	-1
Gene1308	0.0888424304567561	10	10	43	15	MA	-1
Gene1309	0.0200178319427778	10	9	30	23	ER.A	-1
Gene1310	0.13979235879151	10	10	24	21	ER.A	-1
Gene1311	0.137883598616703	10	10	38	26	ER.A	-1
Gene1312	0.327977033341298	10	9	38	17	ER.A	-1
Gene1313	0.942318168065663	10	8	23	17	ER.A	-1
Gene1314	0.29007991015717	10	10	28	16	ER.A	-1
Gene1315	0.391395060300016	10	9	22	8	ER.A	-1
Gene1316	0.794526521433375	10	10	27	22	ER.A	-1
Gene1317	0.530222164379545	10	9	36	22	ER.A	-1
Gene1318	0.171067742656491	10	9	15	9	ER	0.000853422545046
Gene1319	0.178639923877486	10	7	22	15	ER.A	-1
Gene1320	0.574894929644836	10	10	34	23	ER.A	-1
Gene1321	0.546562432254515	10	10	29	21	ER.A	-1
Gene1322	0.332639371644365	10	9	18	11	ER	0.000155986833076721
Gene1323	0.227391152266499	9	5	9	6	ER	0.00771075888437434
